date,ticker,pe_ttm,pb,roe,debt_ratio,profit_growth
2023-01-31,600000.SH,20.32448467405183,1.3983182555693234,0.13856018281446528,0.42930408412788207,-0.05208874796599568
2023-01-31,600001.SH,18.45792939047284,1.5887581847556422,0.11487660918188095,0.4395399943913323,0.012087906995528253
2023-01-31,600002.SH,11.246387478989092,2.1984172883103406,0.13812190302424693,0.530852964789866,0.0835772797556544
2023-01-31,600003.SH,15.205186105119116,1.2319731309363193,0.12116745133327196,0.6768191359853006,0.22845423766653827
2023-01-31,600004.SH,11.754190541887994,1.4519182931964618,0.10747284581771022,0.5192659479399314,0.17077043529925492
2023-01-31,600005.SH,13.473472672235053,2.0741597854588836,0.16835555118162826,0.36693106750847415,0.3307751507945671
2023-01-31,600006.SH,17.210454477253293,1.94742136526553,0.15359490351292798,0.5049191438713589,0.4076972667751993
2023-01-31,600007.SH,13.04265952627556,1.0422028852146523,0.15838661712241778,0.4833476407194691,0.02785989735557294
2023-01-31,600008.SH,11.837357036603025,2.1751688428133624,0.14902852138032843,0.5280144952936318,0.09035609583038462
2023-01-31,600009.SH,16.371771361001866,2.3238323870657447,0.15433069934832244,0.5892033110087139,0.11973435811682671
2023-01-31,600010.SH,10.033869707837189,2.1699806468836345,0.10888708984893314,0.3799600688639841,0.15931342088197062
2023-01-31,600011.SH,19.16610019443789,1.9632284958128643,0.1390616765856516,0.40147282233952963,0.31221132710652544
2023-01-31,600012.SH,17.773680723888933,2.0548968974505866,0.16387917365133,0.47415594202087336,0.10469961842101638
2023-01-31,600013.SH,14.37162435845011,1.6701186980418994,0.1318158232183816,0.4408861942887098,0.29720298121373273
2023-01-31,600014.SH,18.675364522180555,1.388601070157978,0.19221005896695162,0.5947450218335466,0.047620635778991595
2023-01-31,000001.SZ,10.096677354714753,1.7707235487123345,0.22663451366423637,0.45116572317077325,0.1998652976595707
2023-01-31,000002.SZ,13.153128561215594,2.660917467156269,0.10624471037905647,0.2875737717784228,0.04782648038610125
2023-01-31,000003.SZ,13.529043104025162,2.5413122097283907,0.11616250858415811,0.5123852282869287,0.08127313753855453
2023-01-31,000004.SZ,24.243706050897853,2.550344760506162,0.11309389188647362,0.4186871471396618,-0.020719808201786122
2023-01-31,000005.SZ,19.413634105682387,1.6676104625172024,0.12045513649629032,0.5917473366804521,0.0569675123007118
2023-01-31,000006.SZ,19.17969283683,2.008845059850507,0.12296352324471763,0.42063882404300507,0.159852462980699
2023-01-31,000007.SZ,16.46023347361166,2.582998789551465,0.1878533485353189,0.4927705214137485,0.06128093476316997
2023-01-31,000008.SZ,11.725425729096338,0.9159900537665416,0.16951965884082476,0.441919082975127,0.22183387261941784
2023-01-31,000009.SZ,12.197116809496334,1.9735429967637883,0.16793717724787668,0.485961402817421,0.18047902674719088
2023-01-31,000010.SZ,19.110535878604043,2.3611036318490903,0.1076555186162935,0.6331512070318336,0.20447728690667463
2023-01-31,000011.SZ,8.292719434669888,1.8712733293883514,0.14536851940169024,0.3684372007022574,-0.009239582086085052
2023-01-31,000012.SZ,15.444872626598285,2.0603679294486694,0.11848796629222566,0.5834357007763017,0.36436220518708573
2023-01-31,000013.SZ,7.299689846540446,1.4080028436341834,0.08295396445139011,0.5628807266691026,0.13201442166355798
2023-01-31,000014.SZ,12.09677805420635,2.77404596964879,0.11679008792792223,0.41363507435842317,-0.14774756018260127
2023-01-31,000015.SZ,18.082110105529882,2.519109478711109,0.15265279817845565,0.4679803626105513,0.1834097304950626
2023-02-28,600000.SH,29.01870231951616,2.082156187949591,0.0799274026717296,0.5493354196464566,-0.03324882861394701
2023-02-28,600001.SH,15.533301946690909,0.6806451050136351,0.11241816693861581,0.3777370223127838,0.22588328526749288
2023-02-28,600002.SH,12.095425439930807,2.189904814087419,0.12737653079849964,0.5200291567948139,0.17222210799848434
2023-02-28,600003.SH,14.786186746834469,1.2760978160569019,0.11969934358172982,0.5807183904023293,-0.050173852653275036
2023-02-28,600004.SH,20.712657525133363,2.265910863906537,0.14156512724527937,0.5912867849781929,0.10057022210014285
2023-02-28,600005.SH,12.287807415807295,1.4341385504726278,0.16937714834524797,0.44372353351110494,0.19874689672050716
2023-02-28,600006.SH,23.932559385655484,1.3978958061577833,0.1667779062400152,0.3478867550124739,0.2550032202310339
2023-02-28,600007.SH,16.930061434019933,1.6086731954185955,0.17606597138781208,0.46374481255778255,0.3296027947291776
2023-02-28,600008.SH,16.15286636666656,2.3482584180862593,0.0815144812721823,0.6108085438249188,0.08765345462375698
2023-02-28,600009.SH,16.783253804506312,2.4511669647425185,0.11740230364454653,0.5158404720854788,-0.112773677590567
2023-02-28,600010.SH,12.451278975887256,1.4587965357104347,0.10142366793505514,0.566246874664357,0.2382766472868325
2023-02-28,600011.SH,5.680642971858088,1.6768552340559797,0.11956890599299755,0.5093435155876871,0.08003530651598789
2023-02-28,600012.SH,15.844012392079781,2.6815196956891474,0.17048352359310778,0.6307584158651686,0.15829519988229507
2023-02-28,600013.SH,11.17735240941279,2.4606468564653574,0.18317718297514943,0.5902616349174912,0.125624907408465
2023-02-28,600014.SH,11.716790890967912,2.06798213521378,0.14784617541771336,0.5453621386445664,0.37065100699385084
2023-02-28,000001.SZ,23.515794564402384,1.9963450685252004,0.16344332621307406,0.3922140215390514,0.1715790589550723
2023-02-28,000002.SZ,19.987961988098878,1.9441823577281367,0.09857998029307526,0.4870169218268315,-0.018896609890635824
2023-02-28,000003.SZ,7.566439062202701,1.4119967624570617,0.133651453909856,0.5317595763370925,0.25369500747255364
2023-02-28,000004.SZ,11.051217260026814,1.041543604062118,0.14139303794249514,0.4702376136793617,0.08005688836416507
2023-02-28,000005.SZ,21.051005884650852,1.3235262734771234,0.12910214856751082,0.54999275677361,0.16105795362116482
2023-02-28,000006.SZ,18.73974304088165,1.5949978013701478,0.14529710017064237,0.5429897559367187,0.4132751673791544
2023-02-28,000007.SZ,9.573445246465191,2.165503124065862,0.15524720957018537,0.47209646808775135,0.0010418240448007154
2023-02-28,000008.SZ,17.023217748860553,2.1522470459572416,0.23307188923992925,0.40431365500146643,-0.07479098164120251
2023-02-28,000009.SZ,21.218925412033574,1.5740540099889533,0.16858005261328912,0.5550593105046546,-0.019485243866853158
2023-02-28,000010.SZ,19.50344086355296,2.1598690150665956,0.13684446948415432,0.6385610446731187,0.2340332935706591
2023-02-28,000011.SZ,17.763343855394133,2.8021731603507924,0.1344063267894252,0.40735034463741165,0.07907755606014642
2023-02-28,000012.SZ,13.213874284774974,2.094415035493297,0.09670950823085209,0.4924084767427675,0.09671261634775069
2023-02-28,000013.SZ,9.987516422342974,1.0541677403124563,0.139405211206692,0.571101988949803,0.1324063585451605
2023-02-28,000014.SZ,5.696091536929858,3.777166974305615,0.17794491860641173,0.6145823381474584,0.24278786109198736
2023-02-28,000015.SZ,13.369479386388035,1.9324994326227705,0.19389478519887987,0.6779234119964007,0.16151867726135785
2023-03-31,600000.SH,21.52999144262173,1.580613884818319,0.10356325978560195,0.5863051826095685,0.16043442517467835
2023-03-31,600001.SH,11.15191660449522,1.7344486324885862,0.1585239182840026,0.5164173720318946,0.11818893176009464
2023-03-31,600002.SH,16.847843992153923,1.7582193034258575,0.11689392741570881,0.44331289775711863,0.22103245724177512
2023-03-31,600003.SH,15.95018157209342,1.953526549991042,0.15366722446736603,0.6526973172224244,0.18546425121303434
2023-03-31,600004.SH,17.29443841091952,2.2836415197481337,0.12631390353575211,0.5519506407558417,0.21899192992382777
2023-03-31,600005.SH,15.710690937855796,2.72551398161757,0.14850199023712707,0.46807985856673034,0.16708450793918292
2023-03-31,600006.SH,24.497250167674935,1.9882242959585192,0.17988985532554097,0.4771472215169593,0.1774931250109223
2023-03-31,600007.SH,11.205321062665913,0.9693989480584747,0.1844711115470979,0.5143319324448268,0.09844234211245302
2023-03-31,600008.SH,19.76555701141902,2.24646955421862,0.10129221484963019,0.5232019026203941,0.1243906805424776
2023-03-31,600009.SH,13.479992042558798,2.5321967753075905,0.11971815117768944,0.5901329852876297,0.03834330681350839
2023-03-31,600010.SH,18.25950385149317,2.519482837437103,0.09592132173770883,0.4820711264866142,0.12920889303110636
2023-03-31,600011.SH,14.136143341836105,1.8260468269636536,0.084126105042075,0.5407589430240577,0.27123977427686946
2023-03-31,600012.SH,22.899219754701207,1.7276889297715146,0.14922568118886975,0.46688673446088796,-0.0115245750485303
2023-03-31,600013.SH,14.517851136024156,1.4579459301846163,0.16836315831969872,0.40948416757005457,0.10204514985426354
2023-03-31,600014.SH,13.922143452545864,2.185080112341001,0.23944437363351134,0.5942471963868977,-0.0232110806153423
2023-03-31,000001.SZ,12.283600789481907,1.9290290403783728,0.14634988807206167,0.5377375441045491,0.12734096546271007
2023-03-31,000002.SZ,13.49971394693276,1.3575569134461303,0.13300967805107974,0.41907004075629983,0.13536922303222765
2023-03-31,000003.SZ,12.37135897614754,1.2081000027683126,0.11423286104783037,0.4131772819313452,0.07479806634363162
2023-03-31,000004.SZ,19.73111779473237,2.151229990416007,0.1295438285128631,0.469284557964437,0.09525886251246847
2023-03-31,000005.SZ,14.340909436446228,0.5314677879559759,0.14183150445884146,0.436713982643402,0.18761957090754797
2023-03-31,000006.SZ,10.162258946648773,1.5968727886599918,0.1667153907652005,0.45196555145489087,0.011515764539154955
2023-03-31,000007.SZ,12.764809242671904,2.130974270945904,0.14451773443299787,0.4525478596417091,0.10440724535239662
2023-03-31,000008.SZ,14.178812924976768,1.303871853525072,0.17055755729858238,0.48701244194531657,0.27241183849758055
2023-03-31,000009.SZ,12.587668869994019,1.6674863384836653,0.1864946563187106,0.5142156252773952,0.04800771506106341
2023-03-31,000010.SZ,19.839070780230717,2.4339728714694253,0.16206441300475055,0.6293932320528367,0.2159279298968747
2023-03-31,000011.SZ,19.870941593461115,1.6548387905534059,0.08855065413213736,0.36971258879064994,0.22879721330580655
2023-03-31,000012.SZ,21.686506218644567,2.167001386190556,0.12582662364004074,0.6141339621974843,0.13563455697038201
2023-03-31,000013.SZ,10.407386889307215,1.7264959609989399,0.17229651268635568,0.44249598975062077,0.02952062101947142
2023-03-31,000014.SZ,14.150817794940178,2.5857184495654666,0.07588584037957578,0.6181894630285756,-0.05667971325945091
2023-03-31,000015.SZ,15.899319047391858,1.0016494920898587,0.12312870326476495,0.6194974733509788,0.22157695211529504
2023-04-30,600000.SH,17.963434824517922,3.3976722170528104,0.08443510245156909,0.3671705896858832,0.049778361387311135
2023-04-30,600001.SH,15.600769324376012,2.1417410872830667,0.101428618772558,0.5254008440921414,0.1543609021732104
2023-04-30,600002.SH,22.45352441923864,1.5547781677441226,0.13842427314690478,0.5584673665585651,0.11927705662547192
2023-04-30,600003.SH,14.153334436444505,0.568119801335395,0.1420848365878965,0.5876398838297593,0.1342184036657159
2023-04-30,600004.SH,10.870899676187435,1.360392454605258,0.16132644833098758,0.5726504222427049,0.29899512202694284
2023-04-30,600005.SH,7.202411838659889,1.7648457004169575,0.12696732802173216,0.5320255239136907,0.30390365926043916
2023-04-30,600006.SH,25.690334282208756,2.0607123085314085,0.1897317304472494,0.5148867005894133,0.2573105772453981
2023-04-30,600007.SH,17.196306223486854,1.90941397178673,0.2334998262706948,0.527494351558035,0.08240067773987891
2023-04-30,600008.SH,16.792298785428745,2.1254540604938827,0.11616055386331695,0.5253601662236516,0.21439827552857998
2023-04-30,600009.SH,19.176239883155127,3.0829674695270004,0.11941150024605257,0.593090973455521,0.1446973091183905
2023-04-30,600010.SH,14.7983718769288,2.364996775886539,0.08937539234030506,0.48685669703238543,0.3395769285850381
2023-04-30,600011.SH,18.451784252687347,2.2242833952921024,0.16105152502661602,0.4323374870299573,0.08501572202101161
2023-04-30,600012.SH,15.03188129775553,1.630772608992586,0.17366521455839468,0.6274690602176012,0.22344266721552733
2023-04-30,600013.SH,20.219141217110316,2.146734422858383,0.17421898554248252,0.370636015460282,0.23146768852883978
2023-04-30,600014.SH,14.297840612620933,1.7799199261820915,0.17564411781265182,0.5127519335961319,-0.02756098839734214
2023-04-30,000001.SZ,12.016198604666078,0.875832746139405,0.1511198283897935,0.3685686946422756,-0.043508345524978426
2023-04-30,000002.SZ,16.115101847032534,1.7497516994758655,0.06342062980942949,0.447899756689214,0.008677740903515599
2023-04-30,000003.SZ,18.836330615903695,2.0664571944934114,0.08323800332909365,0.555495744939546,0.14849757098666905
2023-04-30,000004.SZ,17.0455635054982,2.587309633845455,0.10561197812485429,0.6228116924882744,0.11904781979882556
2023-04-30,000005.SZ,16.92657414684387,1.2250868964707355,0.12284813287416119,0.5351168385413726,-0.010076459862679438
2023-04-30,000006.SZ,17.38659675143693,2.257446950819282,0.11255732897224499,0.5027962414950433,0.3457063513609383
2023-04-30,000007.SZ,12.341924394051432,1.6076149646950348,0.1878353174033933,0.5122601171556842,0.06640762684852103
2023-04-30,000008.SZ,17.258248558070047,1.93705517201732,0.20571251249512057,0.5086596479440213,0.1426472252566193
2023-04-30,000009.SZ,17.392245902983742,0.5,0.2083562018615056,0.49959153658139105,0.16999474997734687
2023-04-30,000010.SZ,24.65650771812804,2.047050508563821,0.09861204437637834,0.5656205614412546,-0.005229032977585785
2023-04-30,000011.SZ,25.796495221379764,1.9787417046073157,0.1611397616733106,0.42334340058283937,0.16340055880822965
2023-04-30,000012.SZ,19.777056653195363,1.2488926991043234,0.12743624454083274,0.5525441875029435,0.15869660468118368
2023-04-30,000013.SZ,13.067703713279025,2.1576140434546214,0.17502788738814726,0.634810659244714,0.132500869001191
2023-04-30,000014.SZ,11.682735998684871,1.9642100046345554,0.16796301463285593,0.4442561752878361,-0.03403363045550829
2023-04-30,000015.SZ,10.142647591934116,1.5308887313908608,0.18210900762811583,0.6353577579033695,0.051831876865341416
2023-05-31,600000.SH,17.224533150827458,0.9301334144515281,0.09856430817637121,0.5495162807650597,0.028818004482608454
2023-05-31,600001.SH,12.629958660903872,2.6881125428397055,0.09213799521904067,0.6036848171373095,0.38879124953969046
2023-05-31,600002.SH,15.562490879166978,2.4218891098598303,0.08827665554059719,0.3729646862619368,0.04032725286624558
2023-05-31,600003.SH,18.289679581094436,1.6008720285376976,0.13533995540483654,0.4367331412574802,0.1272650073175561
2023-05-31,600004.SH,11.425552716636531,1.7387521208717387,0.1248159593628588,0.5853551374385025,0.0879672781418157
2023-05-31,600005.SH,12.973930342119667,1.1154931014484146,0.17257846352281142,0.4692570672301143,0.15686307436757202
2023-05-31,600006.SH,18.646067834141068,2.2670841404286755,0.1337797493562649,0.4853356653514791,0.06948605062609492
2023-05-31,600007.SH,17.350433244526457,1.4705729860140253,0.1793772094983144,0.5778730423755968,0.16185098286786512
2023-05-31,600008.SH,20.346836285920524,2.001811097007421,0.1275792676617527,0.5805310626032969,0.06287907874359425
2023-05-31,600009.SH,15.468811163540815,1.9339068759176214,0.15487215696833584,0.6348173100551723,0.08641345492903513
2023-05-31,600010.SH,12.37822885162081,2.27880762934311,0.16349923306757036,0.47524280583749984,0.20585722695512904
2023-05-31,600011.SH,18.212525939219674,1.51260713404951,0.14208676576367635,0.5189382650170677,0.11710016599258906
2023-05-31,600012.SH,24.796179946741045,1.9809986776474804,0.15153215768834655,0.6633100873467951,-0.006177569018749163
2023-05-31,600013.SH,17.863833878386316,1.6697169791917292,0.1600042329094381,0.4435296013296657,0.16291214828108386
2023-05-31,600014.SH,16.099108700421546,1.9191600302683092,0.19239111545533025,0.38409283785724546,0.06741305969240077
2023-05-31,000001.SZ,14.301232243485272,1.5678608414647655,0.18080688962383332,0.3835905551969856,-0.0546996667944975
2023-05-31,000002.SZ,14.86842442235092,1.7028741685935653,0.12006853301313031,0.4050238758901309,0.18927219830149256
2023-05-31,000003.SZ,12.78217701518878,2.0074789800296995,0.11384137877956002,0.47746489041529333,0.11670166610700689
2023-05-31,000004.SZ,22.726601292185922,1.0328136160642125,0.1137965915473277,0.6245328418677659,0.24197733102918806
2023-05-31,000005.SZ,22.37412148390916,1.5703788403861783,0.10704272160618658,0.48137265702892595,0.15012888588898915
2023-05-31,000006.SZ,19.04278675472064,2.072660738872824,0.14170796186270604,0.4817548007714175,0.20277214657586504
2023-05-31,000007.SZ,13.237647566313615,1.499243526316981,0.1836738275059854,0.5638250581056281,-0.025768686792873155
2023-05-31,000008.SZ,12.389561285529831,2.133486401151535,0.14155844709743293,0.5392141967011671,0.0673508013926419
2023-05-31,000009.SZ,8.132970972923005,2.488671126605011,0.17146414221710915,0.5819445904201299,0.007882846018107292
2023-05-31,000010.SZ,24.20935905855514,3.173693187998021,0.07244552391973802,0.5568351691209477,0.2727889079673772
2023-05-31,000011.SZ,15.12627124992897,2.204649458233952,0.07799136062174483,0.38693580555442264,0.19050437343451043
2023-05-31,000012.SZ,13.64215252614144,1.6197323589193096,0.09211064527926538,0.532325307688996,0.04604217381282452
2023-05-31,000013.SZ,21.162773449502126,1.258654137389764,0.1600175778647614,0.5661763522652115,0.10149217164697719
2023-05-31,000014.SZ,11.69697132613612,1.9712807711763498,0.14025867147744303,0.43618653726909956,0.13338692393190224
2023-05-31,000015.SZ,10.245008974934883,1.9429129737652704,0.1851588373622366,0.615743767794195,0.03786941465359498
2023-06-30,600000.SH,22.163728927571547,2.532769886528544,0.09235388121332135,0.40887617470160353,0.18005041239970743
2023-06-30,600001.SH,20.114704623261705,1.248717374267915,0.09486018429339238,0.5356303328279204,-0.017437455108187144
2023-06-30,600002.SH,19.219751350863405,2.767893529906013,0.13933224001922678,0.4361609320497355,0.1376505730460746
2023-06-30,600003.SH,19.138452086910043,1.6494552124178674,0.15209591220132226,0.4760469596918208,0.06763298605202035
2023-06-30,600004.SH,17.624227865311816,1.8439688831425538,0.0853449222786043,0.5454933940581124,0.1914196039027041
2023-06-30,600005.SH,17.234042404725226,2.822887804374821,0.16211749854198232,0.5026893735281377,0.192062635039186
2023-06-30,600006.SH,19.416280590975134,1.706570246942105,0.1796610368916214,0.4216061737799405,0.39800855032591803
2023-06-30,600007.SH,7.43508986977832,1.8854433172549725,0.18798870876883678,0.5397025419966061,-0.03828174122930074
2023-06-30,600008.SH,9.287417514426817,2.5028875363624756,0.1435250246289815,0.5576183329890891,0.18052697599389997
2023-06-30,600009.SH,13.167421636690396,2.1657868629524937,0.1506414977031609,0.5449162027616989,0.23857181018530027
2023-06-30,600010.SH,7.461710922391194,1.4934984902949218,0.14364790312382242,0.6022248541725832,0.1414273915097698
2023-06-30,600011.SH,8.864329808060662,2.540039424864546,0.1368464580094324,0.5331823099085444,0.12655752106809112
2023-06-30,600012.SH,18.569103604911565,1.918941431779615,0.20644108891496266,0.6052985418349945,0.3568122926384554
2023-06-30,600013.SH,13.846152690344011,1.0874883049222563,0.1526761419342172,0.7413177604592249,0.16781268878404756
2023-06-30,600014.SH,20.207152298036295,1.2875779596133792,0.14927482573027653,0.5636166185391338,0.2909694026292603
2023-06-30,000001.SZ,19.400931356157017,0.5734063733710271,0.19666826969768278,0.3581012118609114,0.031843846463803296
2023-06-30,000002.SZ,16.041561621046117,2.899217855262166,0.14373164020483564,0.5065253307485886,0.15456174516639992
2023-06-30,000003.SZ,18.384848260685875,1.2122279747743092,0.16568387905426046,0.45112146650204765,0.1660613647459518
2023-06-30,000004.SZ,16.014987864686873,1.221995350535325,0.1415397619259333,0.5589228555137197,0.14946069607672863
2023-06-30,000005.SZ,16.38933774366548,2.3629735290112612,0.19482007725382092,0.670232205732875,0.2077408557528085
2023-06-30,000006.SZ,9.450932821046429,2.513577848508594,0.16678475881552987,0.5117066343524093,0.08590190574676784
2023-06-30,000007.SZ,18.400255863222284,2.7807930963714953,0.13543444252209563,0.5347725838143026,-0.0011776639784370213
2023-06-30,000008.SZ,13.58292130031519,1.3256543988193348,0.16123219220870588,0.48256330733770164,0.14122749457351974
2023-06-30,000009.SZ,16.561433323610746,2.2080888072792892,0.1637008491935915,0.5687894810072627,0.010183560120452781
2023-06-30,000010.SZ,17.55724785121119,2.2213704265787677,0.08693657858258949,0.614728460101734,0.1244245383780555
2023-06-30,000011.SZ,17.617476800458228,2.612254263243961,0.10930808268013151,0.5180158618536262,0.30428781960628376
2023-06-30,000012.SZ,21.526414007126178,1.7059324018727713,0.10568344553811426,0.4232054673592155,0.021331746673925317
2023-06-30,000013.SZ,17.74407485779235,1.9740428770505032,0.14293496626719027,0.3999091294279459,0.16347156841850896
2023-06-30,000014.SZ,19.5210366139801,2.504831991798409,0.16957620491392963,0.8046447460150494,0.11280746664904881
2023-06-30,000015.SZ,4.365383659194093,1.449450024151941,0.16763889144574273,0.5714991276254834,0.08280123005777773
2023-07-31,600000.SH,17.38227316797237,1.8077823139509923,0.11934535970504946,0.5615488608004239,0.253233865192757
2023-07-31,600001.SH,23.815933975223906,1.5220166646602293,0.11949561720767778,0.4548927937956863,0.15919731303509557
2023-07-31,600002.SH,15.669214452933574,1.6871862560035062,0.16636448221555966,0.517870273869138,0.13241836245476
2023-07-31,600003.SH,16.652952717127253,1.9380968846897884,0.15704889678404338,0.6641709873839042,0.011438397650353704
2023-07-31,600004.SH,15.297849426105609,2.1488102682327406,0.14247803140830897,0.6306224502634526,0.289654293729385
2023-07-31,600005.SH,10.632962576995856,2.843468752229787,0.12420880874783191,0.4972209150794709,0.09093141953451384
2023-07-31,600006.SH,15.432912184158436,1.830039751484459,0.16002942695838818,0.2509378681863885,0.2611469561487509
2023-07-31,600007.SH,20.11904233904145,1.5194682939709643,0.1740090361959675,0.48016879252413386,-0.09114652695867177
2023-07-31,600008.SH,8.73084697032107,2.601815855730457,0.13661751757314253,0.5877463611965985,0.13792536808594205
2023-07-31,600009.SH,18.130878261325492,2.358055116182678,0.10037113086854899,0.5877968593413935,0.09039272998718888
2023-07-31,600010.SH,12.86854894181283,2.3701023273559096,0.16936653499277576,0.26229261088505296,0.11449257429571283
2023-07-31,600011.SH,11.770253151762063,2.180735805010836,0.10374061225790204,0.24083375908600843,0.24209351007539684
2023-07-31,600012.SH,21.851735743415563,1.3079977530491433,0.1468899571115287,0.632414512411632,0.07219561201411712
2023-07-31,600013.SH,17.404206417445565,2.2539811419512916,0.12430921077872706,0.49489265223596735,0.030916363204382097
2023-07-31,600014.SH,15.341873011543207,1.4045033136744847,0.17519214261465557,0.6207860170133743,0.21886288002115534
2023-07-31,000001.SZ,24.329123051139007,1.7038499253303006,0.17208574616185715,0.4200267883695746,0.0035133681271033307
2023-07-31,000002.SZ,15.792618747447953,1.9525628723507653,0.12295130610265106,0.4053578781092267,0.07339232706171188
2023-07-31,000003.SZ,14.729413668604526,1.9375473642863588,0.07199196402839803,0.5087845745153923,0.05982262692117335
2023-07-31,000004.SZ,22.72571806605863,2.285555568950774,0.07292674014177464,0.6041199116402121,0.19892995862588767
2023-07-31,000005.SZ,11.063828791281956,2.0391617263156046,0.10800288512731959,0.6616302491778546,0.11538116354706722
2023-07-31,000006.SZ,9.927810800745366,3.2603739520328103,0.11134178747622693,0.38551807023290824,0.13900795923008866
2023-07-31,000007.SZ,13.177326553895137,2.349390687738197,0.16144779838802623,0.560344230202631,0.11719171771186479
2023-07-31,000008.SZ,7.308000199979111,2.074928609551435,0.17584516306159034,0.46002970636048685,0.30737253325203057
2023-07-31,000009.SZ,15.43339245394754,2.070863371538903,0.20441432406408142,0.5063957189524266,0.1833385143105023
2023-07-31,000010.SZ,19.264107614907747,1.9214872910188994,0.0794604275068839,0.5719385278088808,0.19869293488565343
2023-07-31,000011.SZ,17.064971733454318,1.9088443265175894,0.12068394974733565,0.4270416600311693,0.3149319281805771
2023-07-31,000012.SZ,17.080963305036846,1.5567686691747067,0.08479934642028827,0.46422331431905783,0.12231760835761105
2023-07-31,000013.SZ,12.544156209846951,2.071305649352015,0.14199339151310647,0.3754043814458502,0.26188318467947813
2023-07-31,000014.SZ,7.671853365692307,2.5466599101329943,0.1381231189937208,0.5469525769516524,0.077509337839771
2023-07-31,000015.SZ,12.40749266808131,2.1047619759504226,0.16204710577299883,0.7195783490577323,0.12239484120144437
2023-08-31,600000.SH,18.988745743080052,1.845239468083638,0.11952237559340953,0.36811271516229416,0.1950127729626553
2023-08-31,600001.SH,11.062606162977652,1.5781706536182887,0.07927167959912042,0.5135714993739159,0.057612650708932844
2023-08-31,600002.SH,18.743709232997045,1.3122046073121185,0.14328688743824947,0.5563869297482896,0.14117977883192867
2023-08-31,600003.SH,15.123493995422871,1.668599591633321,0.11723268721254852,0.4539784370990971,0.19438726012644142
2023-08-31,600004.SH,12.525235921130767,2.4266959811812256,0.18877471150022507,0.5334273967687716,0.09999096347337208
2023-08-31,600005.SH,11.702867164312297,2.019485562655007,0.17535347021512743,0.447729047550687,0.38785470041500364
2023-08-31,600006.SH,19.683398059884453,2.190412194737323,0.16907848953864943,0.5609464983623037,0.17947270535864152
2023-08-31,600007.SH,14.423105205082749,2.052672410346878,0.17856778633798207,0.5296211757220285,0.17818827308230822
2023-08-31,600008.SH,16.555933973186573,2.1253756251324067,0.0966150923875009,0.6249344679078686,0.06582736039393863
2023-08-31,600009.SH,14.795598074181799,2.1434538314365437,0.12706963005406025,0.6510959662183617,0.11301808745575896
2023-08-31,600010.SH,19.50553833849742,1.6756216153961505,0.13926904086599934,0.43529807473363535,0.3493139981277107
2023-08-31,600011.SH,11.597453077264202,1.469900713075765,0.14286852473668057,0.4586581254088369,0.19144881398147318
2023-08-31,600012.SH,22.916353009179858,2.273652201234251,0.15460674501046257,0.49166800955960166,0.12949263561171523
2023-08-31,600013.SH,17.386119069494224,2.003799619815646,0.18933154263680693,0.4632737659293685,0.34545346954494793
2023-08-31,600014.SH,15.412739586147648,1.874267342631284,0.14337908718756812,0.6149549468576819,-0.016047638239407316
2023-08-31,000001.SZ,16.493561185086783,1.737849703789987,0.17185947225543166,0.2847780562033442,0.3160624685687002
2023-08-31,000002.SZ,9.78323441655998,2.336373420116406,0.09175484869866704,0.5638402709987131,0.08205136646531033
2023-08-31,000003.SZ,9.99210090587584,2.297578360314942,0.08820107232816136,0.47693771105673355,0.20902451506944686
2023-08-31,000004.SZ,24.02737044554118,1.3187942231900962,0.11471102847908653,0.5681710140395516,-0.03974231005714737
2023-08-31,000005.SZ,22.430496574693255,1.1002514492645772,0.12906475180933963,0.5908675508113035,0.1851236648446064
2023-08-31,000006.SZ,12.14553594952831,3.0607294482163185,0.085621687730586,0.3602393901177962,0.1363225163376281
2023-08-31,000007.SZ,11.201181695810789,2.6097767797924067,0.11854140764111039,0.6045970425698072,0.05218662967145458
2023-08-31,000008.SZ,8.556229331201443,0.7495480929903506,0.1646217352806092,0.45384239143057636,0.12364948242338164
2023-08-31,000009.SZ,11.197710889462845,2.0779013353707447,0.1764377201090361,0.5060873246618613,0.21732542917672854
2023-08-31,000010.SZ,18.912678053760327,2.5873158351201146,0.13871651792741585,0.5464959662303452,0.14382478783340727
2023-08-31,000011.SZ,20.375215772737775,0.7746719986169694,0.11745581612775417,0.4320106117316562,0.19740524036441015
2023-08-31,000012.SZ,12.795560595247181,2.3477236822934855,0.1115559245575862,0.4432786172575587,0.11355900361099316
2023-08-31,000013.SZ,19.919527384961107,0.5572116199973745,0.18467199950423613,0.6278696433680775,0.14351346625943723
2023-08-31,000014.SZ,18.107695100011657,2.2650449179127983,0.1913227836208659,0.6160522966038606,0.2993144574626354
2023-08-31,000015.SZ,6.751413160138987,2.095672677325095,0.11689741267094292,0.5285029041378387,0.32496527994751334
2023-09-30,600000.SH,19.872801805045466,2.6922705849779627,0.12284846567409861,0.4860369394553656,0.027765207488090464
2023-09-30,600001.SH,14.16543039950602,1.7254211660039647,0.05174014865839771,0.47343691408442296,0.12398500225171617
2023-09-30,600002.SH,13.523119896195645,1.7346591153306388,0.14312621666100084,0.5807841895283314,0.00021903027279750187
2023-09-30,600003.SH,11.820897035033607,1.976479717985608,0.1547251804231626,0.6475519000299116,0.27029252972552736
2023-09-30,600004.SH,23.659492658856344,2.053617066238577,0.18946410009543949,0.4963988236837651,0.3994052847466303
2023-09-30,600005.SH,14.818787596780414,2.2710099813802374,0.18474814051905064,0.3415709362927088,0.07252448823643504
2023-09-30,600006.SH,18.462694449574144,1.9728597850391265,0.22206384803092447,0.4040640083828536,0.3540192984865627
2023-09-30,600007.SH,15.937642977955566,1.4602379916042072,0.17590392868729837,0.4855778288535311,0.12865383259858323
2023-09-30,600008.SH,14.420227674336838,1.4947714015342575,0.10330476459401361,0.5765311196522493,-0.04023280038379201
2023-09-30,600009.SH,17.32731998464181,2.59025982051,0.1569982704955282,0.5970131194914587,-0.060465064529160895
2023-09-30,600010.SH,16.5904800085016,2.2835856633931533,0.11258664570285269,0.4441853641289121,0.18835994510448656
2023-09-30,600011.SH,20.149041811297916,1.472075156397057,0.16228139731112462,0.5053038098979818,0.17994275303538648
2023-09-30,600012.SH,23.32187791058576,1.7842888565150627,0.15576016000739068,0.5121748222646962,0.029308004239572916
2023-09-30,600013.SH,21.9303333418397,2.414508588250835,0.16084698511420428,0.5190896804515607,0.2000221909542383
2023-09-30,600014.SH,18.82948630200379,1.8264475654338992,0.15331249142165912,0.5286336341121508,0.07878756277436798
2023-09-30,000001.SZ,11.269627388468539,1.766661866051117,0.16017459335782253,0.3736529528430248,0.4193132037801697
2023-09-30,000002.SZ,21.75940563828992,2.2719725205099586,0.13127540668274257,0.5616758430016701,0.11245561888131868
2023-09-30,000003.SZ,14.13102301209305,1.8689147814587095,0.15139176024337372,0.6115546421663295,0.2961918878692175
2023-09-30,000004.SZ,19.063994279035004,2.8839024840439054,0.12809122225605815,0.7037544386475374,0.11367002873027898
2023-09-30,000005.SZ,11.810238757723425,2.6139040135105254,0.15650942806223425,0.6115298002870527,0.14395154040588667
2023-09-30,000006.SZ,12.619403650001402,1.8248741626941927,0.15346368210615047,0.4379839468440482,0.005942002213808861
2023-09-30,000007.SZ,21.775036853062904,1.7901442651218382,0.1909602371724764,0.42354815475954805,0.09548425102292052
2023-09-30,000008.SZ,17.88924523826217,2.2171729613567415,0.16330098360578513,0.5507435129635886,0.16759466689945815
2023-09-30,000009.SZ,12.408281829709399,1.043140853830799,0.16438582601380183,0.5096616860768287,0.12260587792554878
2023-09-30,000010.SZ,24.369521792431662,2.6537412174616315,0.08959840606743315,0.7169217836064093,0.13211703248475726
2023-09-30,000011.SZ,19.689142650667414,1.5305065776458597,0.10869408326772144,0.5330350760545081,0.07211276040803717
2023-09-30,000012.SZ,16.22068515591397,2.035455373985909,0.10442657999159267,0.3377974781576125,0.2707384449780113
2023-09-30,000013.SZ,26.45353030528891,1.8294330895202104,0.15626867595693922,0.43927422341759703,0.34696747224948016
2023-09-30,000014.SZ,12.492935658051124,2.781858660760158,0.16518244153024342,0.5905357543184526,0.13933061756032936
2023-09-30,000015.SZ,15.245740515166613,2.1416951140032205,0.1842315765593054,0.5119160989253623,0.07611796295086184
2023-10-31,600000.SH,23.872353587448806,2.2864531766948755,0.10185150444061192,0.5327895502402717,0.16374312855356257
2023-10-31,600001.SH,11.800722513277224,2.3649657653976286,0.12343344207525929,0.5369521238346096,0.10107048261949951
2023-10-31,600002.SH,17.857203588204854,0.8845004039217216,0.10762662100217621,0.5692080932520704,0.3821436347713483
2023-10-31,600003.SH,16.469101197993997,1.2535976511725457,0.14338525561878074,0.4685260571311379,0.264982339763286
2023-10-31,600004.SH,14.19231921929133,2.7266040171301853,0.14616362568897834,0.6613568434607345,-0.0023595401441983965
2023-10-31,600005.SH,13.097911874380305,2.269794313195348,0.153291228100525,0.4787608036180673,0.21425440231720275
2023-10-31,600006.SH,22.195333440275952,2.1107631933973163,0.17982320305710228,0.5503570918736556,0.06469482242600788
2023-10-31,600007.SH,13.990360327200534,0.9073704683704953,0.19371504708379053,0.5431051133997056,0.2185295070363062
2023-10-31,600008.SH,17.40666394244191,1.8841492722586195,0.11335002029472863,0.3899662881251792,0.05917737244412502
2023-10-31,600009.SH,5.611588939781786,2.16426031956985,0.11301753892670287,0.5594179462062225,0.026841580439802365
2023-10-31,600010.SH,11.32457384235892,2.1463081954444667,0.094098251928662,0.49045501518079704,0.05887779730463735
2023-10-31,600011.SH,6.27598968532657,2.213171942057874,0.17322951890861962,0.4368425678720943,0.10507251044656785
2023-10-31,600012.SH,16.996501471897734,1.7949673492366072,0.13415381617156902,0.5460048764020666,0.38738937864068007
2023-10-31,600013.SH,15.581160805831479,2.5115520959137556,0.16882229750420394,0.4062211806708081,0.19755639203177233
2023-10-31,600014.SH,15.399791507755998,2.532268994874222,0.20762883460449116,0.6001439754197381,0.2014259187442175
2023-10-31,000001.SZ,14.414559733270325,2.15967802097434,0.18250843664423427,0.5378139700898995,0.21994103543953505
2023-10-31,000002.SZ,16.865803123315562,1.829206067193373,0.09948640193743982,0.5401804249917459,0.20934604037246474
2023-10-31,000003.SZ,13.633560561888881,1.8438544354799782,0.12478471950323042,0.4877219464099853,0.11270885226666669
2023-10-31,000004.SZ,25.840133865100256,1.5622564936847065,0.14269471183063975,0.5522339414213859,0.037345284141267934
2023-10-31,000005.SZ,11.955927006746982,1.5594412870047736,0.09118263071189922,0.71643246214029,0.14383852896437266
2023-10-31,000006.SZ,14.227233716187234,2.8115318613238984,0.14648201405335975,0.5020834538911244,0.1427415386443184
2023-10-31,000007.SZ,15.181733748922861,2.4842390785649267,0.13845466821746336,0.5222188079710214,-0.16165115387467033
2023-10-31,000008.SZ,19.062019089520724,1.5217917997678536,0.16785856295117366,0.5021637112419813,0.0025143197460507916
2023-10-31,000009.SZ,8.793478656951734,1.860672256485147,0.19420838708376656,0.469178122033084,0.17410637307255133
2023-10-31,000010.SZ,20.23157670029147,2.010890451421798,0.07766261410371618,0.5669965349225837,0.17650818881566266
2023-10-31,000011.SZ,16.76453983607353,1.7037529681314822,0.13167423496800515,0.5512259601185469,0.08297031355963126
2023-10-31,000012.SZ,14.807969889203758,3.171571300639706,0.137271691577089,0.3786554466330253,0.13224174224794047
2023-10-31,000013.SZ,11.972316836557921,1.7901966093974893,0.14769317935955856,0.45908102518391664,0.38563109904124115
2023-10-31,000014.SZ,14.340533302730222,1.9721349819166285,0.1194719555457511,0.4684187664305739,-0.04460238198773965
2023-10-31,000015.SZ,12.237727779513753,1.5575181619659588,0.179599599916144,0.5232454289540787,0.1840200991637328
2023-11-30,600000.SH,19.96586931099853,2.5227537746720383,0.13241872637690738,0.6094658756451399,-0.004899738683758911
2023-11-30,600001.SH,20.38399710694271,2.1990594965443773,0.1465820116795229,0.48886380208384206,0.21760113035358766
2023-11-30,600002.SH,10.8335874644767,1.2978457146223625,0.11576974396948866,0.5040200230671192,0.12463559669533049
2023-11-30,600003.SH,12.039890936634311,1.104563756358552,0.12361774654596014,0.4032554619894076,0.11118650680537417
2023-11-30,600004.SH,13.766374428953792,2.4205182248495767,0.1541717929603656,0.7134718520862519,0.24123733436012434
2023-11-30,600005.SH,15.949253411772304,2.18235090024523,0.17339312936301113,0.4323408240229531,0.189962157868568
2023-11-30,600006.SH,25.686228298468336,1.7649727152658308,0.13670337355986284,0.5357446366446321,0.28752086578241065
2023-11-30,600007.SH,17.618093723469375,0.6608272743974825,0.2121651598226935,0.5283925381092801,0.0489741539362992
2023-11-30,600008.SH,20.75223654241327,1.18768077079325,0.11279653069707637,0.49673653411112384,0.24921462334364503
2023-11-30,600009.SH,15.971531598378215,1.5676726442363813,0.14845586797757215,0.3732774309141459,0.17079017093737575
2023-11-30,600010.SH,8.946833672232955,1.5687811786719752,0.12398306680140721,0.522808991889111,0.36034113453944383
2023-11-30,600011.SH,5.8817882144151445,1.8231521168323965,0.19506140317496673,0.43416562506325695,0.09650009682775025
2023-11-30,600012.SH,18.943784981777206,2.614417506288064,0.16643995101460274,0.4813038319201973,0.09974630371619948
2023-11-30,600013.SH,22.264519778149896,1.612714620180264,0.11209537360678958,0.4237283584301951,0.1423860175345424
2023-11-30,600014.SH,21.97002211364839,1.2058189762770217,0.20804795414785832,0.674545511957117,0.10252311550771542
2023-11-30,000001.SZ,4.80362300710879,1.0079703439164325,0.16416159366538077,0.5884561393920397,0.0430832151125571
2023-11-30,000002.SZ,10.908271319777345,2.2941509760500085,0.07476185850501545,0.4780302803561107,0.04014426577028207
2023-11-30,000003.SZ,23.75099912117234,1.54118805335014,0.1682483666383094,0.4187866390985101,0.16627754171563916
2023-11-30,000004.SZ,20.001255999490073,1.8708822888448557,0.132010019690968,0.6089165227283627,0.2017367950754304
2023-11-30,000005.SZ,16.308390536554864,1.262783382972588,0.13585643304384729,0.5557529608649117,0.16022351060377302
2023-11-30,000006.SZ,16.304798090381535,1.4953389429120127,0.12431053211780774,0.5165419010638168,-0.02504178922653394
2023-11-30,000007.SZ,19.788128042799354,1.720539652130219,0.20173679489072416,0.5780972436444428,0.04726000642958746
2023-11-30,000008.SZ,13.105134419670556,2.5966304228923005,0.20183085646084759,0.5878192153474374,0.21441912463552543
2023-11-30,000009.SZ,8.649912375798882,1.7026486500910305,0.1607405824591236,0.4509416373354912,0.13638877486849618
2023-11-30,000010.SZ,16.34462966166452,2.1168751823968446,0.0974991230466424,0.46964183088132766,0.309679309329681
2023-11-30,000011.SZ,17.623306109684865,1.278903211982497,0.12454927283570834,0.5717111837864614,0.25587274813350935
2023-11-30,000012.SZ,13.925110295574228,1.5526462544098236,0.10607311092113023,0.4206196930028896,0.11391138890682136
2023-11-30,000013.SZ,9.126912998130798,1.3780099453880679,0.1485994644118802,0.47688024125986345,0.22173533938733192
2023-11-30,000014.SZ,20.48773290848036,3.1178326604293036,0.14830182188054802,0.6104145734742074,0.063335360566367
2023-11-30,000015.SZ,11.04850420896815,1.4415872997106725,0.1621653093140775,0.6567505825698661,-0.027441990898800617
2023-12-31,600000.SH,16.851625441783565,2.0323292095943404,0.11617197201374829,0.4710212555377528,0.13372355784255419
2023-12-31,600001.SH,24.58792894413859,1.564752097408268,0.09686368830222833,0.4997892437684488,0.24527235395020852
2023-12-31,600002.SH,10.150488097819359,1.9656861804685481,0.1249665353056661,0.5783430535913479,0.1828190111540396
2023-12-31,600003.SH,15.194067247260952,1.843761321569602,0.12354304865924082,0.6040179435131622,0.27865235312807535
2023-12-31,600004.SH,14.400642036298825,1.996023644100228,0.1463711981431382,0.6331765308700384,0.15581340370781435
2023-12-31,600005.SH,8.201426051735254,2.4760523914511836,0.13542911020285983,0.4839595229544168,-0.0066361884565933615
2023-12-31,600006.SH,18.432603151856625,1.7658519737282703,0.12082331276805831,0.5066251605539647,0.08986396433591162
2023-12-31,600007.SH,17.33900771620869,1.3941328497433476,0.142986089305451,0.4263419163957643,-0.016569363656848274
2023-12-31,600008.SH,19.92965129425214,2.617907772304601,0.1648625356588057,0.4990498927198626,0.04559340615936228
2023-12-31,600009.SH,15.539491716642493,1.8223666846036408,0.10543592400018165,0.5743539879193829,0.1903608617837259
2023-12-31,600010.SH,5.55143592237213,1.5138995914278537,0.09493017565664098,0.437693512419066,0.1832630002645191
2023-12-31,600011.SH,17.467767309122657,1.3831271960574512,0.14265681400472588,0.34543002074419316,0.07395341532229019
2023-12-31,600012.SH,18.828567877780245,1.520492782773688,0.1809253016570226,0.5518813126271095,0.08954184261225483
2023-12-31,600013.SH,11.071344550332089,1.6403513586512277,0.13751699921467508,0.4426401837828504,0.059318969278280925
2023-12-31,600014.SH,15.078399591160329,2.166130395014434,0.152222944182254,0.6055906822254878,0.04722573326548597
2023-12-31,000001.SZ,17.449266766324087,1.2067612051504264,0.18702478668726902,0.45961050466771125,0.23623194389740726
2023-12-31,000002.SZ,16.234972755734113,2.3280035688784846,0.07325279296673856,0.43798013325445795,0.039960191207401796
2023-12-31,000003.SZ,9.711179317380148,2.0077533515426547,0.12602052696381977,0.532395290466181,0.26614438860737777
2023-12-31,000004.SZ,19.93419705586014,1.186074565100891,0.13506352209337683,0.5867501947538881,0.28621890224289115
2023-12-31,000005.SZ,16.38323355857974,1.527766240248814,0.16697241399719065,0.5842866684852356,0.020159167855431537
2023-12-31,000006.SZ,8.74851326728166,3.120388468065075,0.10715680776828256,0.4366230487424565,0.2883116974422498
2023-12-31,000007.SZ,7.941571553260055,1.459219691441736,0.12883148674584155,0.6240901041828941,0.28181540788756565
2023-12-31,000008.SZ,11.063313090664607,2.0897491284985605,0.17770156057646458,0.48753653575890676,-0.06267764926212424
2023-12-31,000009.SZ,22.22985606473689,0.6919931121891072,0.18530262677860615,0.4881921834471069,0.2208061320729422
2023-12-31,000010.SZ,21.38378670468793,1.7105932909851504,0.09024682839660386,0.4459878883587293,0.1594801220993811
2023-12-31,000011.SZ,19.843509123012247,1.7791679492548829,0.11387989459135102,0.6026277371204716,0.2536237640159641
2023-12-31,000012.SZ,21.391058900956047,0.67897766760925,0.1436798010156236,0.5001097949840716,0.05480146745151582
2023-12-31,000013.SZ,10.824408579850136,1.4907820977856903,0.10645011169369949,0.44610398109000066,0.1538406948263066
2023-12-31,000014.SZ,16.294076984156337,1.8465970072141016,0.13881906508493871,0.6219468240739319,-0.09642589329784075
2023-12-31,000015.SZ,13.90914560221805,2.194701856633053,0.17042071789705548,0.529891618752128,-0.006486293398426879
2024-01-31,600000.SH,24.07805913150411,1.7717522856068357,0.08207425972942735,0.4516160985704727,0.006087760795998501
2024-01-31,600001.SH,21.203215647055583,1.8674125808934599,0.14951183850414917,0.5159019735326442,0.06117894803728346
2024-01-31,600002.SH,20.45606695456656,1.4745814827325407,0.12199642158992986,0.5523327291132112,0.14266248298035406
2024-01-31,600003.SH,12.305253746026882,0.8318249023191162,0.13953391241326082,0.4818305420325215,0.14296457569526258
2024-01-31,600004.SH,12.316104978966688,1.8412160841259582,0.14329609564153986,0.564126044739663,0.22950095918921887
2024-01-31,600005.SH,14.69275574364593,3.047211563623172,0.16353589897060397,0.396165519265102,0.16337048608414348
2024-01-31,600006.SH,20.27329306144104,2.3017128260781465,0.20353675151002798,0.39863965647749683,0.32806739674692365
2024-01-31,600007.SH,16.815917262904158,1.1365245437060956,0.17490555145312367,0.6068604139166499,0.12572755551735737
2024-01-31,600008.SH,11.151826075553842,1.597728295719105,0.07919261599829477,0.4814769472695539,0.10774496503875743
2024-01-31,600009.SH,10.495275368204677,1.785836860461323,0.15505089842504005,0.6994246554992505,0.27504732935887655
2024-01-31,600010.SH,6.82038492481798,2.636861100046638,0.13229243310068037,0.4562375753772498,0.242890318148319
2024-01-31,600011.SH,15.813836531615584,0.6656609798391948,0.124688345010163,0.45071451822600966,0.026973354302626124
2024-01-31,600012.SH,21.988627483198883,2.9194648039370987,0.14973594919228053,0.5338874241881489,0.17887175147191803
2024-01-31,600013.SH,17.39661351487709,2.5588409856208822,0.11586253618215538,0.5788882626901257,0.20118536960390626
2024-01-31,600014.SH,13.146113119293698,1.5483237275076414,0.2158092621185893,0.46379993643473716,0.0631442759362489
2024-01-31,000001.SZ,21.517947122982008,0.9649351288394651,0.16859586724173845,0.4533847507549963,0.1412660289576887
2024-01-31,000002.SZ,13.678750645944024,1.7523182304131002,0.12118506259222231,0.47195177677422595,0.1827756057055394
2024-01-31,000003.SZ,16.694776288756167,1.2568802270321309,0.1458282450360583,0.48962966488604104,0.2225210803922023
2024-01-31,000004.SZ,19.975489859966352,2.7270411299207717,0.13015635186513266,0.5077347561751419,0.10870338436251027
2024-01-31,000005.SZ,12.851623853045055,2.004050983086752,0.11246451334565402,0.6339462565384273,0.15765026650394515
2024-01-31,000006.SZ,8.947098873880993,2.9441357750173776,0.06560451642715948,0.443459296832827,0.22339587026234783
2024-01-31,000007.SZ,5.775807969738334,2.2206268769186845,0.14325530182461638,0.460118501465001,0.21430106148465733
2024-01-31,000008.SZ,14.570880485924686,1.624718359303961,0.16573851023137284,0.6520882768646278,0.1404613221215907
2024-01-31,000009.SZ,9.464948998869604,1.355841390416437,0.15024821290030435,0.5038631889116265,0.2807893549596562
2024-01-31,000010.SZ,17.33466519036677,1.5314935659151727,0.12077318582813044,0.5385937569702328,0.19614100519489477
2024-01-31,000011.SZ,16.030404929115022,2.722635162910967,0.0972338499651073,0.3567870216486143,0.25376003913213485
2024-01-31,000012.SZ,7.985776906473562,1.7140335532318798,0.1500153551818588,0.30444829436994625,0.18646430764513502
2024-01-31,000013.SZ,9.016205770464746,0.6775778383632103,0.11335147181568302,0.4953286015880878,0.12941244594891277
2024-01-31,000014.SZ,18.428266993551475,2.2411931701866568,0.13777609744207828,0.4352076894110149,0.10241090891734396
2024-01-31,000015.SZ,21.235595733753804,1.6485417513005323,0.14536120513940987,0.4851428315605679,0.21841793597024542
2024-02-29,600000.SH,21.708022266812325,1.976864478863907,0.09502389540208463,0.37449175021240333,0.05106883538811525
2024-02-29,600001.SH,21.079516112449543,2.020762522974781,0.15219118257881753,0.4223871117833924,-0.1312717074801868
2024-02-29,600002.SH,26.421341733664335,1.9072915902886536,0.14946315306144742,0.44699877504776564,-0.016254313908848045
2024-02-29,600003.SH,15.618993561544823,0.6041548326783643,0.13332346847019025,0.6217849165743298,0.18484707094933595
2024-02-29,600004.SH,15.019608031712378,3.0718696896380306,0.15938354726467938,0.4176459185176087,0.1450929937335146
2024-02-29,600005.SH,20.70127181595197,1.8452815972632133,0.2066024006674907,0.5318915272360403,0.13915241777848625
2024-02-29,600006.SH,13.678014692471201,1.9699468684607615,0.20176250053327388,0.3537089224269797,0.2120387486791731
2024-02-29,600007.SH,8.834447350671448,1.430204503083003,0.13863167969810727,0.554978864678411,0.011100202357603103
2024-02-29,600008.SH,20.632145089300508,1.929754138176558,0.09421069393958005,0.4107867584901185,0.13910500067843523
2024-02-29,600009.SH,16.968403805606147,2.4698721796996,0.1363800332262549,0.6021015786371597,0.17958511598026877
2024-02-29,600010.SH,16.787324799743033,2.2538284117819396,0.09181069494297302,0.413054554940787,-0.022305736423342215
2024-02-29,600011.SH,14.32853496564767,2.41497975016156,0.16240853408704545,0.4314357971793531,0.2105413511609967
2024-02-29,600012.SH,19.39576071102249,2.3165648280813067,0.11741635436695902,0.6152108474412225,0.06219096844955663
2024-02-29,600013.SH,15.533025874271184,2.479570885649098,0.1506645943384407,0.5463441247743259,0.211960607714668
2024-02-29,600014.SH,16.263653611428435,1.85752763590488,0.17534796761383348,0.5759762096979235,-0.009548798949323908
2024-02-29,000001.SZ,8.799831197371235,2.099064468094357,0.2060944687712816,0.4769978785912063,0.13291228419917803
2024-02-29,000002.SZ,10.339247222011434,0.980707325693043,0.10378278810467081,0.32821182514838804,0.13843996962861568
2024-02-29,000003.SZ,18.21695671086936,1.6919307187011077,0.10603261500386871,0.429533790469369,0.14442520406076853
2024-02-29,000004.SZ,17.867078705176763,1.290434721500204,0.1528143633729355,0.7561895844971926,0.2789858851604946
2024-02-29,000005.SZ,16.55758311330169,1.538728731751344,0.1271610196738488,0.5272661653784075,0.2758156642628173
2024-02-29,000006.SZ,20.006827800075303,1.6152352448595408,0.1591578853106024,0.5388900328720188,0.16498179801053267
2024-02-29,000007.SZ,14.153864741735472,2.3479913383238213,0.1781104479214253,0.5143246663673675,0.10542287552071179
2024-02-29,000008.SZ,15.55435037534512,1.6611413545743081,0.14205709961782578,0.38547084199401527,0.15955614300088797
2024-02-29,000009.SZ,13.432788341034012,1.827759792012552,0.15927801771128627,0.5482068755001421,0.12786400260682168
2024-02-29,000010.SZ,23.116029274911718,2.6258774656878545,0.09150098812521457,0.6103642354143698,0.0653108534192152
2024-02-29,000011.SZ,6.548080513780231,2.8629755310188667,0.11062675616442443,0.5331570494124365,0.09386569475731474
2024-02-29,000012.SZ,12.770606269536113,1.5267035670078055,0.13631623311293506,0.4940917253874042,0.2297696695320799
2024-02-29,000013.SZ,13.014524294309114,1.620213536189403,0.11892072108791717,0.6275438314012788,0.06859993593040156
2024-02-29,000014.SZ,10.712117466009264,1.988287890439867,0.20972329648674687,0.6013465077799751,-0.0053579411626555745
2024-02-29,000015.SZ,16.288764392417313,2.257914957365217,0.16684361207486048,0.6256651255507777,0.10580715221622244
2024-03-31,600000.SH,18.683190908962338,1.4235362769792501,0.14607747332987953,0.41419959309725285,-0.043722575987727205
2024-03-31,600001.SH,14.982705502283105,1.7679728201602156,0.09996911504862764,0.5422119919965804,0.19741931203327395
2024-03-31,600002.SH,8.163202290178813,1.5426120450654919,0.1189223824328169,0.4962283712344545,0.29063170105824165
2024-03-31,600003.SH,11.745685395645907,2.3812060693435573,0.13634475982592556,0.6657382160687902,0.10890430463557474
2024-03-31,600004.SH,12.287673194479467,2.1886813327282524,0.1823062679072567,0.5826653075291655,0.18092524872914484
2024-03-31,600005.SH,15.54679076573181,1.5601383515202705,0.16841720271242475,0.39974815435434446,0.32712653437456607
2024-03-31,600006.SH,19.67464832100287,2.1463632395762966,0.11901682653530601,0.536538554037651,0.18224592665492456
2024-03-31,600007.SH,11.251367641826782,1.647489671331478,0.14204280473998476,0.5588822864237764,0.2233971037523071
2024-03-31,600008.SH,8.837723411525662,2.185009160623075,0.10587773170750277,0.38083432246834004,0.19165040056973115
2024-03-31,600009.SH,17.502841739613913,3.0130442249012654,0.13240418555203567,0.49968002060937233,0.17143359391356752
2024-03-31,600010.SH,19.13922839673954,1.5675650708664624,0.1513103500885021,0.2616072649632706,0.28750670083246926
2024-03-31,600011.SH,16.20155198339805,0.5,0.14956640123651574,0.32107973203896856,0.09889149937298715
2024-03-31,600012.SH,20.715472250994196,2.1319869520724692,0.18141531993920698,0.5150987692861594,0.17625503172360338
2024-03-31,600013.SH,21.3939791319107,1.8312016963160929,0.15937084247099828,0.5485335220562552,0.19324986751006348
2024-03-31,600014.SH,20.64087179989683,1.4665991122703381,0.14924234167305941,0.4850655691341156,-0.1341832071581846
2024-03-31,000001.SZ,20.934968313602162,1.1496066706531838,0.17403511852430226,0.5746388878168374,0.08581129642511066
2024-03-31,000002.SZ,16.057617692032007,1.4897037072124535,0.1449588619143171,0.47027215640481296,0.018170564994843014
2024-03-31,000003.SZ,8.923904053393667,2.844987934735105,0.10534557317576099,0.4302724418967477,0.09669305391441463
2024-03-31,000004.SZ,18.18148960336553,1.8759097206589903,0.14110893996922755,0.5587808831444915,0.22471387151307634
2024-03-31,000005.SZ,15.909013814255108,2.6360897465002737,0.12778899630286145,0.6781915017313251,0.12009876263856498
2024-03-31,000006.SZ,10.288930821937413,1.3664556748771228,0.15759876874749998,0.5429567193312788,0.08489785947938192
2024-03-31,000007.SZ,11.490022129803029,2.1930641054623665,0.15993645012491403,0.43314821701122846,-0.04792623012520324
2024-03-31,000008.SZ,15.236302416017265,2.1264657259994926,0.18229373658475,0.5121210873603061,-0.005570484388140937
2024-03-31,000009.SZ,14.258218484165528,1.719914077115186,0.14716962125824942,0.5158126763497736,0.15664303389917283
2024-03-31,000010.SZ,17.687038543601336,1.2197328571888544,0.09399115462220439,0.5134498718007537,0.19592938556361592
2024-03-31,000011.SZ,27.393533623336953,2.0669826016360666,0.0900508153920384,0.43715951793397134,0.16106346574510183
2024-03-31,000012.SZ,19.02638158961946,2.4210609609820906,0.16477544590712448,0.5229783362767627,0.179920737505426
2024-03-31,000013.SZ,20.93360802263667,1.4262489003918875,0.14136198916471152,0.4905250316348643,-0.013129167863299596
2024-03-31,000014.SZ,19.08702877393879,2.5377596041730657,0.0907497607442393,0.6201403266581487,0.049656269530548525
2024-03-31,000015.SZ,16.95418414298353,2.0378950398767186,0.1260665187956807,0.5721082814083533,0.010154757447240523
2024-04-30,600000.SH,13.108459903415003,2.6335145004144502,0.1197886399947005,0.5698055021879767,0.040561501390035226
2024-04-30,600001.SH,13.148386412622697,2.31940220834632,0.09915795090843454,0.4551844116479123,0.1525095435125892
2024-04-30,600002.SH,15.496217462799335,1.5556345109370104,0.0949334467566326,0.584951312456983,0.08315731405294663
2024-04-30,600003.SH,17.472371813371947,1.8429962900808499,0.16728217615655866,0.5211545322030363,0.1052281230897578
2024-04-30,600004.SH,9.566926071361944,1.9286745959949085,0.15852908652177372,0.5046356435424493,0.19157869788741044
2024-04-30,600005.SH,18.869168099254793,1.7773938794033646,0.1271407622728364,0.4169279078159693,0.03773400154816667
2024-04-30,600006.SH,23.336894144014643,1.8424256678777626,0.15178865665628385,0.4352115055518777,0.0817886926189354
2024-04-30,600007.SH,21.04456071449335,2.5185981050387998,0.14264767992917307,0.5934608764754071,0.05541492629996431
2024-04-30,600008.SH,21.069961416551788,1.2830859229742297,0.11563486748945677,0.507368041830669,0.16590890457696822
2024-04-30,600009.SH,15.244567508888009,2.0111280065425925,0.11735033593845187,0.6949839098198777,0.10250262847169907
2024-04-30,600010.SH,17.457132989452415,2.1142566694888276,0.1522202276719202,0.3688199642916644,0.21071730663350835
2024-04-30,600011.SH,14.347477744820777,1.0052717330479097,0.1346901072332863,0.6635423659675544,0.1208193560248721
2024-04-30,600012.SH,16.529400938164677,2.4253550496238976,0.13647823659271283,0.5212362541209916,0.1351090869673503
2024-04-30,600013.SH,18.60954444524839,1.9690564072523205,0.20879981989036311,0.5436805567602195,0.1777389078249454
2024-04-30,600014.SH,20.117745000603858,1.1044577658205275,0.21229306349186697,0.49092154105651686,0.19924476198143343
2024-04-30,000001.SZ,20.826438972041238,1.3370968589599093,0.16925717716623445,0.4412657588769475,0.16215463882556747
2024-04-30,000002.SZ,10.007767443752304,2.1453869167396062,0.10216438077920247,0.3878950058141397,0.015499572724116478
2024-04-30,000003.SZ,13.512987711257479,2.0552626769180695,0.1009005693838346,0.5163393622592367,0.07530472393405666
2024-04-30,000004.SZ,23.228364044648714,1.7485090583728797,0.15743837461571156,0.40458483064818235,0.19227658245809767
2024-04-30,000005.SZ,19.384315031078167,1.531058315291434,0.12652866353837414,0.5576892439069614,0.2542465175526504
2024-04-30,000006.SZ,11.157866918843641,2.5502449022037164,0.1579591426517647,0.42913660306400636,0.17819373443204695
2024-04-30,000007.SZ,15.247440689535505,2.829309785827438,0.1687000611143543,0.4045846276445703,0.03647018362423186
2024-04-30,000008.SZ,9.421687349105333,0.8551058567622494,0.14094655558563524,0.5196061090266175,0.2273957447482495
2024-04-30,000009.SZ,16.983093595093525,1.0223696071562305,0.16005874937614248,0.4649052901416109,-0.13816094455533273
2024-04-30,000010.SZ,17.32943618983706,2.601627477430452,0.10369024032458468,0.4685746758701993,0.05548517508629035
2024-04-30,000011.SZ,15.684612801671939,2.385110007974606,0.11542955095273343,0.5007927445138561,0.15186586616667694
2024-04-30,000012.SZ,16.947155924126474,1.3299154324024007,0.11285387990702835,0.3795352267286738,0.24016554133704512
2024-04-30,000013.SZ,13.835259480691512,0.5,0.1520288604349465,0.5879313020720218,0.11882894567970026
2024-04-30,000014.SZ,15.921139862839444,2.095136142744515,0.09705448826586938,0.6962374079798745,0.05962803700515716
2024-04-30,000015.SZ,13.805663267016255,1.687704495622471,0.15261174572134892,0.5829329922135057,-0.004253965136463145
2024-05-31,600000.SH,24.775858852133368,2.6190733789720335,0.12292071348498941,0.43865741411504067,0.0038781281524403327
2024-05-31,600001.SH,21.120358452982774,2.3053467058005226,0.11001443969666755,0.3932382307979729,-0.05759026699654843
2024-05-31,600002.SH,16.11428885590419,1.6755379291733863,0.15964061343858438,0.5893763620572596,0.12388943058824578
2024-05-31,600003.SH,14.675521208207549,1.0239563713927151,0.16652443770270675,0.5354616085955907,0.200528098066921
2024-05-31,600004.SH,18.70721648570203,1.9171962088988665,0.1293021074807803,0.7674964537558,0.21944687810754945
2024-05-31,600005.SH,11.885606162009692,2.6199478768011955,0.1522935763645446,0.4760388307353726,0.1231766734401667
2024-05-31,600006.SH,17.932117982958705,1.6629649343739856,0.15120297704659516,0.4994289992716109,0.13614048185706462
2024-05-31,600007.SH,19.30394816538092,1.447727869009638,0.13699751228458218,0.5596678472725688,0.14375974960089297
2024-05-31,600008.SH,25.01420802354078,2.208860918178184,0.11458304146693106,0.5782871993198367,0.20197021459350611
2024-05-31,600009.SH,18.8287973595583,2.1593926914361345,0.11917561743453084,0.6374129456768716,0.11254006930883208
2024-05-31,600010.SH,8.843327798299766,1.0493875726497477,0.12266838017990137,0.4595975228262614,0.3872029240271784
2024-05-31,600011.SH,12.519897905490486,1.6233002727843324,0.12989167877737087,0.5295044754116732,0.1880343073642654
2024-05-31,600012.SH,15.446653755130868,1.6942697431360236,0.139940828369498,0.44253031404468934,0.15688390296864183
2024-05-31,600013.SH,17.56591915212803,1.7494032389424095,0.19636247210198296,0.6327515836427814,0.17704423521499618
2024-05-31,600014.SH,12.14333505324462,1.7851031223332763,0.1666570413091716,0.5649774035492439,0.04019748685914605
2024-05-31,000001.SZ,10.80241535980134,1.6174447558906442,0.17122838209027927,0.42904517181587143,0.10939611473415362
2024-05-31,000002.SZ,13.722566370263252,2.2361099763837036,0.10007040924768498,0.5088115833036254,0.04822008172348191
2024-05-31,000003.SZ,8.648233704102697,1.5550104690129145,0.10308276240102454,0.40697587520721573,-0.029270672364889866
2024-05-31,000004.SZ,20.013843622944222,2.437121601245407,0.14394260206975137,0.5013522481053081,-0.011643609540521432
2024-05-31,000005.SZ,17.767775814137842,0.7963465902311428,0.1378335163856676,0.5060336338425699,-0.048059466376484034
2024-05-31,000006.SZ,21.922136413411707,1.5720980511324063,0.14110522387797864,0.43968235030171804,0.15295493310127273
2024-05-31,000007.SZ,16.858320702320277,1.629514802415247,0.16954770606053923,0.5054803943679278,-0.057775170053477
2024-05-31,000008.SZ,14.943362113983584,1.273013824845495,0.14085898083009146,0.5332450068561769,0.05916462470810446
2024-05-31,000009.SZ,14.491750696613662,1.7908691296030381,0.14429986577909323,0.5992494311683361,0.14850163929201232
2024-05-31,000010.SZ,15.653448915546013,2.132063012819222,0.12922856673455377,0.5444311148050169,0.35152594787814884
2024-05-31,000011.SZ,22.962771985883496,2.058391761251855,0.11430031273949749,0.43522612165198177,0.09993466077682736
2024-05-31,000012.SZ,16.500886789099074,2.143773300603433,0.09626304741625938,0.5314223265191601,0.2733551073188481
2024-05-31,000013.SZ,17.288707447806193,1.5350275947763445,0.15326576313844953,0.6139424792124873,0.19418058077673084
2024-05-31,000014.SZ,14.094440738985783,3.2662724515828083,0.15768109462091343,0.45941648230644894,0.1672971249684695
2024-05-31,000015.SZ,14.607767605488,1.6722914867769196,0.13240119514641463,0.5890878287130473,0.0939899030515598
2024-06-30,600000.SH,13.023000831091768,2.1557631201398366,0.10621403717372474,0.44500684143227326,0.12915896765987386
2024-06-30,600001.SH,9.95242581483296,1.4439356855051648,0.10782636668935353,0.5860943269136976,0.3367781835848399
2024-06-30,600002.SH,16.019371823256673,1.8227724909699115,0.06891586864017976,0.5823569890848147,0.16496439533705404
2024-06-30,600003.SH,16.13254331554405,0.9768933820681946,0.18949719907047852,0.6616434351226849,0.16943536514999158
2024-06-30,600004.SH,17.967979024762037,2.2255549784791904,0.1705269263944959,0.4654198553781951,-0.06737092546195703
2024-06-30,600005.SH,7.922033913379139,1.5967587043119895,0.14391093665572705,0.4858490227028096,0.1542661701084572
2024-06-30,600006.SH,17.885343294580142,1.2076951066595267,0.13822084878258106,0.48328826989074514,0.1457894961488004
2024-06-30,600007.SH,17.018261512281125,1.8721996825927625,0.22098715304388789,0.5083638259531812,0.26133439002663555
2024-06-30,600008.SH,17.625099296843906,2.544751655687482,0.13632712754837173,0.5975797263315739,0.019829317814124142
2024-06-30,600009.SH,19.332220164410423,1.812958703897164,0.1275422179918109,0.5806280966907602,0.23440963656607577
2024-06-30,600010.SH,15.572267534117037,1.1069197472540817,0.18229141895159792,0.5167947081492937,0.08495073944866531
2024-06-30,600011.SH,8.450803228320908,2.074634723775084,0.11452334217297866,0.5440573498012661,0.2669082858026941
2024-06-30,600012.SH,15.400929374360821,1.8305066012736189,0.1382445653554458,0.4308895899953009,0.20295685571929897
2024-06-30,600013.SH,18.48911716600687,2.363746067986749,0.13916689768259835,0.6071967494993213,0.10123239508105097
2024-06-30,600014.SH,19.35756931286107,1.056670325210976,0.20919349785058752,0.5282786847908901,0.13990888602217222
2024-06-30,000001.SZ,17.71384600058611,0.9652328413214938,0.2008783291064966,0.405940165661512,0.06939263796490147
2024-06-30,000002.SZ,11.31911095789548,3.0068967865576184,0.08075063123020922,0.5144230224477699,0.05763387775203779
2024-06-30,000003.SZ,17.36428858406284,3.1606772281354254,0.1042413684774703,0.5212047046330046,0.10147977440957719
2024-06-30,000004.SZ,22.15228475003144,1.6756491124042374,0.15263805965985333,0.5081815257731127,0.38437374987635775
2024-06-30,000005.SZ,8.233903221303724,1.7884328007355024,0.13973646624706826,0.5662612185088881,0.20853942255355382
2024-06-30,000006.SZ,16.23373571031946,2.309519234312505,0.16020251310143624,0.5899184817182646,-0.07655797715642798
2024-06-30,000007.SZ,22.388318337608247,3.2798990091758093,0.11622301539633423,0.483828511815922,0.2171292602793466
2024-06-30,000008.SZ,17.67413295077482,2.6381047603377237,0.1792985826527966,0.3473765321606907,0.23046294787531768
2024-06-30,000009.SZ,15.541902807929993,2.333171768528171,0.14165025004626972,0.44272082564120496,0.12164562567178033
2024-06-30,000010.SZ,23.33237589690109,3.0057945769580616,0.09185635056467062,0.5374849040009936,0.42719610315993944
2024-06-30,000011.SZ,14.788882810414403,2.3376737913905865,0.10870391255414745,0.4879807540952703,0.07336668592826989
2024-06-30,000012.SZ,12.648656731830012,1.6146085170169813,0.11636956762542024,0.45567066490261543,0.23258514263370586
2024-06-30,000013.SZ,22.561513866868502,1.3047474792710005,0.11528835363329662,0.5107607414279114,0.11486535394481272
2024-06-30,000014.SZ,7.45946684312553,2.7321330145102904,0.15201265846350265,0.5542794757081828,-0.11271642193771104
2024-06-30,000015.SZ,10.660951062962246,1.2920616158867877,0.15948825257118437,0.5807459935114533,0.11335992827350708
2024-07-31,600000.SH,15.33221622115904,1.7735146598759957,0.10516959047934182,0.47856099329215895,0.022078536840708214
2024-07-31,600001.SH,13.250374150284426,1.5526436398050631,0.10353926748547129,0.4437880468771133,-0.009818133606275037
2024-07-31,600002.SH,14.217955787565645,2.41806711807294,0.12263734391425492,0.4108920225545223,-0.10584933855379985
2024-07-31,600003.SH,22.345546868898975,2.169659952010998,0.14711511640966402,0.6330162583642571,0.19275957230510954
2024-07-31,600004.SH,13.697319286770366,1.5799058063067009,0.19771583805581866,0.5350367152453692,0.12176098614793089
2024-07-31,600005.SH,13.149827137662394,2.0273106767970552,0.1743676753645333,0.4867670047886751,0.12231363505103457
2024-07-31,600006.SH,18.10354670703516,2.071539220506823,0.15345022941129274,0.595732388661935,0.19797480685177138
2024-07-31,600007.SH,23.393903210645927,0.9039322099627831,0.1963657226041386,0.4387704268843124,0.016552839034078767
2024-07-31,600008.SH,19.61940447816431,2.085761370196175,0.17493529603581515,0.5814422308518319,0.030422431806796366
2024-07-31,600009.SH,17.079202703954827,1.8814000086500802,0.14080127930443745,0.5463050654676382,0.16066765427873878
2024-07-31,600010.SH,14.793729772273782,1.8392144155194896,0.15604495648202127,0.30573979648656036,0.1497510549133509
2024-07-31,600011.SH,10.195303366961646,0.9256745431536453,0.1190548125237901,0.43041968708022055,0.13646626848643167
2024-07-31,600012.SH,19.349317398343086,2.471146631644622,0.13977329360921967,0.6367698643964106,0.14286699757341623
2024-07-31,600013.SH,9.214173625272954,1.8277043174039445,0.16117900857005366,0.27816267624761587,0.32073359151298536
2024-07-31,600014.SH,15.603693337935265,1.2238020815373416,0.1459967623345084,0.6309379999511232,0.16839211784580088
2024-07-31,000001.SZ,12.404936133503883,0.9223541911342393,0.18327201352821132,0.4751527810645325,0.15652693293574893
2024-07-31,000002.SZ,11.74749057219034,2.1389505712747514,0.1105035696218127,0.5573449442308058,0.2529303616394698
2024-07-31,000003.SZ,19.402761986735783,2.651240257723118,0.1653365293567396,0.5910528858492476,0.08106471182132496
2024-07-31,000004.SZ,24.13403433778665,1.111789775967241,0.18911162068689458,0.46198117318296367,0.24876480987635502
2024-07-31,000005.SZ,22.7770151633505,1.829644971078877,0.08874121189610067,0.49416448550195846,0.21568135769333383
2024-07-31,000006.SZ,18.542483446945177,2.110604194706324,0.15185838367550117,0.33248784888181343,0.3774352300915289
2024-07-31,000007.SZ,13.488265341023927,2.39437936323216,0.19508905201904408,0.38759653374411773,0.09280153468285024
2024-07-31,000008.SZ,15.111966921214675,1.6709746860909531,0.19318387931410277,0.45662045744150503,0.10549775795974102
2024-07-31,000009.SZ,11.516420451119927,2.762771479539416,0.16343000816382883,0.5995956734464806,0.29966405570623356
2024-07-31,000010.SZ,14.326538959872403,2.247666474585352,0.08533967677358072,0.4089663905189403,0.06149825511456107
2024-07-31,000011.SZ,14.71854669094888,1.744535842376229,0.11250892078986843,0.4504901926176183,0.04031983890024972
2024-07-31,000012.SZ,17.406480863319363,2.4066660525898493,0.16326613053213268,0.4591860578746189,0.2693887902147881
2024-07-31,000013.SZ,12.275999306023522,1.4283181534272194,0.14996311866828438,0.48322303878079914,0.07360936857176059
2024-07-31,000014.SZ,17.333020628621338,1.7856980567413052,0.13700059393925718,0.6246578151287433,0.13371253071774641
2024-07-31,000015.SZ,13.704444545753462,1.2653463114627914,0.1309174925267613,0.6017859426984369,0.16300317127095115
2024-08-31,600000.SH,19.012077440519274,1.9631300734187829,0.09733486514115182,0.4672664845584258,-0.045177209342364424
2024-08-31,600001.SH,17.366756068807536,1.3056148369081084,0.09368428884930899,0.49425712808987515,0.15832320122277413
2024-08-31,600002.SH,17.36719919905447,1.2427342075398686,0.08322455222163885,0.5093347808517454,-0.06993786083087358
2024-08-31,600003.SH,18.77770330314225,1.0593323574956603,0.1958547261319987,0.4630406654601148,0.18629536067940666
2024-08-31,600004.SH,11.053569841183775,2.115913069374854,0.1545993387658811,0.6388233962447518,0.2619515280108838
2024-08-31,600005.SH,15.909276656260452,2.518815577451063,0.14459715023448586,0.5019036728670969,0.14591059026696693
2024-08-31,600006.SH,21.94491015288061,1.857787095704425,0.18550656246567931,0.5033180465677797,0.2760378240736702
2024-08-31,600007.SH,13.769391160873315,0.8140427535154163,0.20472419517876345,0.6175995471249036,0.0684102074637144
2024-08-31,600008.SH,19.244403267357807,1.3853447106571797,0.09446150686069797,0.5465563712766415,-0.073526720763605
2024-08-31,600009.SH,8.882047223477393,2.078975873203745,0.10485796053405964,0.5422659391229032,0.07936975942157058
2024-08-31,600010.SH,8.865683739781158,1.6912385807365633,0.12965740439872947,0.40338317169120674,0.08985246365301312
2024-08-31,600011.SH,12.184106907328708,2.0098806042098576,0.13763844827206395,0.3258937684288198,0.04061431430886851
2024-08-31,600012.SH,21.727255889912367,1.8571974895076249,0.14778783238136842,0.6639912833563573,0.2431815818918172
2024-08-31,600013.SH,8.40669891000598,2.722453926316307,0.163741167995291,0.5695440253444021,0.2304170132622158
2024-08-31,600014.SH,19.653425247419396,1.7601292816646898,0.13296078915758328,0.5958820720758122,-0.05818173412819032
2024-08-31,000001.SZ,22.266352471254496,1.4189295228548124,0.17870648703797926,0.39591794021881094,0.1339167362809966
2024-08-31,000002.SZ,15.817461934657292,1.8606486226419534,0.1213265957798024,0.4854180977442107,0.11041310455161517
2024-08-31,000003.SZ,9.993849851691792,3.157194147316402,0.14956979663859926,0.5682690387295033,0.25264839301854225
2024-08-31,000004.SZ,19.199633735444507,1.6253339005112404,0.06392336986378473,0.4424810623718447,0.37650254939085653
2024-08-31,000005.SZ,21.640804339957796,1.701159334708157,0.10056158696662441,0.6207820540863501,0.15219557532924238
2024-08-31,000006.SZ,18.79183165710135,1.6440411866056839,0.13775127080500207,0.5208090299086978,0.39278125513531287
2024-08-31,000007.SZ,12.366239723802396,1.5001939848370225,0.1855721513533121,0.3792065181482944,-0.03880263725163911
2024-08-31,000008.SZ,15.063742170183055,2.8428427228249538,0.14878034038881013,0.48041952612386135,0.11113036799156796
2024-08-31,000009.SZ,11.109131951860036,0.7165827446134571,0.2000489293377006,0.5549060027442428,0.15668654466468618
2024-08-31,000010.SZ,17.433184551011085,2.9565876214335725,0.09738653185886761,0.4838359770870919,0.3063706925880176
2024-08-31,000011.SZ,8.20552205955658,1.9231009522897997,0.11811231025454112,0.4408358147159566,0.004878818275678015
2024-08-31,000012.SZ,11.259820143009943,2.278995184122663,0.164633504931206,0.4466151867343644,0.0869336281173243
2024-08-31,000013.SZ,7.860835833192894,2.070284883001907,0.1649911699001634,0.28513662871586176,-0.04239117923199859
2024-08-31,000014.SZ,14.54727025690388,2.3330905218190208,0.13806680541333766,0.5373640757149516,0.055276092535378726
2024-08-31,000015.SZ,13.105712479506032,1.5495452598210573,0.1596937108201514,0.5160506489104724,0.02422891178640292
2024-09-30,600000.SH,10.532429529531534,2.112229507785633,0.1300743391697818,0.4239532085110069,0.04465168611962306
2024-09-30,600001.SH,22.022876534302736,2.512491202227612,0.16336456802042315,0.6605668179860418,0.10594871802949851
2024-09-30,600002.SH,11.371329732413416,1.5394307452814804,0.14432505127966605,0.6252084196493809,0.015113730007560333
2024-09-30,600003.SH,16.021112938234705,1.2035691132616604,0.13633364311109114,0.5270709277924142,0.17811861790560193
2024-09-30,600004.SH,22.129302343041658,2.4375441382517335,0.13925416494695908,0.5224103250744098,0.14091576120968125
2024-09-30,600005.SH,9.513241873245914,2.0698244219651722,0.09971911549218898,0.4331044969384117,0.16679913493510973
2024-09-30,600006.SH,13.357396602236559,1.6089286049106488,0.1979978879042935,0.5753639483549282,0.1466861615299691
2024-09-30,600007.SH,19.093941340659804,0.8507489551479301,0.1725960336782032,0.5284644526791077,0.23269277128811544
2024-09-30,600008.SH,20.77121231920154,2.304464773207454,0.08721195650381014,0.6486812566441913,0.06597117897511265
2024-09-30,600009.SH,16.793956762986674,1.9387362513436766,0.1698060533635059,0.5211964982884727,0.21162540285219544
2024-09-30,600010.SH,13.6543810051054,2.084552281616858,0.17050030544941594,0.2896341783884139,0.13346105106897635
2024-09-30,600011.SH,9.423740426251449,1.8228659421815,0.15728326677479373,0.44236183323462597,0.10779482386546949
2024-09-30,600012.SH,18.815228024772296,1.563397736992747,0.15833044370393431,0.4445832017964811,0.2533648230226174
2024-09-30,600013.SH,11.728476574353817,1.7163658417401266,0.14122156858516954,0.5161473547219043,0.33763400623456297
2024-09-30,600014.SH,19.383870027696346,1.560157861693997,0.1579861680091789,0.6408250759840118,-0.03639569514078847
2024-09-30,000001.SZ,15.08952758706504,1.297118306357387,0.1757077798044224,0.5147286336990865,0.033074854279435864
2024-09-30,000002.SZ,17.896592169723224,3.299793459116006,0.1251002291753912,0.4732731151738623,0.23571351514321548
2024-09-30,000003.SZ,8.564618416238352,2.760536504644231,0.10117333195981648,0.6834475229818366,0.06828793417013133
2024-09-30,000004.SZ,20.64680738532485,1.0202127340072686,0.12466871222926774,0.4536245252958888,0.01584824352617714
2024-09-30,000005.SZ,21.82207683462524,0.98622281168991,0.12162318568459929,0.5018713056122504,0.2939663092602243
2024-09-30,000006.SZ,20.069996115126308,2.8351475435631266,0.1303384201485734,0.5579680578213642,0.12050153942829947
2024-09-30,000007.SZ,11.981248387558232,1.6506362775130512,0.14344222829239156,0.47273704785263926,-0.0038693628599124064
2024-09-30,000008.SZ,14.92564581920807,0.5,0.1757036476960712,0.4228256232175488,0.033059410621145466
2024-09-30,000009.SZ,10.418956469062667,2.0715861235181414,0.19261502666288888,0.5267566367994109,0.0484765595640496
2024-09-30,000010.SZ,21.131511201489168,3.0973549982156663,0.10930013344291697,0.4421345004513192,0.06971039206200169
2024-09-30,000011.SZ,19.236864588867842,1.778643475861671,0.09853263471909332,0.3778253508787398,0.16916784719183464
2024-09-30,000012.SZ,9.864687892455546,1.782671596652343,0.13221165145942562,0.44403826561733534,0.0757138845705845
2024-09-30,000013.SZ,19.073614351116575,0.9336098985121138,0.144318277858332,0.5682202516419139,0.2159462342527426
2024-09-30,000014.SZ,18.924726365665645,1.6323020602341078,0.13022715932968595,0.5031012927627622,0.4090696813621817
2024-09-30,000015.SZ,15.031214928885717,2.34750826896504,0.17633374189275475,0.576305619127314,0.20494377529982247
2024-10-31,600000.SH,10.51878380780441,2.338487407828122,0.12070543798090456,0.5314918899791601,-0.03556818063490835
2024-10-31,600001.SH,12.671647375217303,1.490560682685663,0.13305801047627286,0.5229267837885492,0.005019622238287669
2024-10-31,600002.SH,23.65710547132127,1.9431857238045847,0.13310514586661798,0.49338984225258603,0.21304936745207098
2024-10-31,600003.SH,16.557976999943374,2.5449258175842537,0.10965251203658118,0.41635489738791887,0.06599415992734571
2024-10-31,600004.SH,16.21340183374808,1.985954577099975,0.18177569229500296,0.5385153549930577,0.268190835211213
2024-10-31,600005.SH,9.676954378344409,2.5915265042361066,0.19422882987713894,0.40481712864708164,0.22895617157479525
2024-10-31,600006.SH,19.07085965372149,2.05835349847298,0.20211092160608465,0.5578569236900439,0.2514112769211167
2024-10-31,600007.SH,19.65220920314778,0.9653657689263061,0.1789770024025106,0.42187967802661663,0.07818405393510644
2024-10-31,600008.SH,20.467235490346173,2.1964730423915837,0.047360245722445196,0.4562560100979181,0.15810881397690316
2024-10-31,600009.SH,12.843545083671934,2.3919218799288675,0.0898197585702284,0.6005374879304151,0.16319433219451693
2024-10-31,600010.SH,17.159603842494413,1.4723950887498272,0.14949482970565864,0.570524720986487,-0.08726943109228058
2024-10-31,600011.SH,13.206811330940502,0.6968250057328714,0.1184951010709491,0.4177140450830442,0.1533548797972381
2024-10-31,600012.SH,19.510164152125203,2.652491672911341,0.15660053357674633,0.5638902047008562,0.07215011410353532
2024-10-31,600013.SH,21.22663572440299,0.5,0.19816730259373233,0.6477759995434557,0.27500540808677587
2024-10-31,600014.SH,24.915863430356087,0.8980907533456777,0.18948568056300175,0.5808084904590859,0.10440855659828649
2024-10-31,000001.SZ,10.345720301105592,1.7974037518797417,0.18869558495016905,0.39483238865758596,0.0931306568307032
2024-10-31,000002.SZ,8.741984523834962,2.0023005906801887,0.13402044189078838,0.5584645457840207,0.196870162330336
2024-10-31,000003.SZ,16.84154938444672,2.486732526739377,0.1039113308388539,0.5371637423762994,0.24867797267684624
2024-10-31,000004.SZ,12.481750309559946,1.107340279445105,0.09398377169392094,0.3971567899934674,0.05491937596776092
2024-10-31,000005.SZ,14.898125315758762,2.3561527584676547,0.1290631437517556,0.44869037705374976,0.19661883964965562
2024-10-31,000006.SZ,15.244145030333488,1.8089340374045213,0.13528592069579126,0.5353671143833068,0.05901153476024215
2024-10-31,000007.SZ,8.336922044913747,2.2334178022079207,0.1446507376349309,0.604176726898652,0.06456967954685926
2024-10-31,000008.SZ,13.598509721175303,2.193275935372088,0.12819599484416433,0.5370068809856745,0.06343818016041042
2024-10-31,000009.SZ,17.107226636435268,1.2766113991834782,0.1844205529200104,0.5112828627559893,0.16128995136827867
2024-10-31,000010.SZ,16.995415282831654,2.3311551936010613,0.15383096706222094,0.5471210620201831,0.18027494230704738
2024-10-31,000011.SZ,26.145871707903343,2.1949272603944388,0.05914555774099482,0.39669896060351234,0.039625088242032536
2024-10-31,000012.SZ,19.687852447070167,1.75309032174005,0.15658794981353757,0.5289245435629509,0.24072404810979092
2024-10-31,000013.SZ,10.106771093513668,1.8524473101931176,0.17416474849733568,0.3942322775029323,0.16828565915647986
2024-10-31,000014.SZ,15.41767539509705,2.249007964122973,0.18591467774433557,0.5982805922018201,0.12060918892726456
2024-10-31,000015.SZ,16.270406183697343,2.382144771074117,0.16102672768597676,0.541614384360905,0.1990309653179353
2024-11-30,600000.SH,15.027684402101077,2.163860694435285,0.08108165962831965,0.5085340520808558,0.20325228862570832
2024-11-30,600001.SH,13.257807237405865,1.9230353136577696,0.1079983559244381,0.5660261047543649,0.2416971486830249
2024-11-30,600002.SH,14.083626024026243,0.5,0.1588200275461135,0.5136075927895721,0.12489534783953797
2024-11-30,600003.SH,18.854855170838125,1.4179911130321359,0.12424310685865213,0.5115433269556192,0.18890864056039613
2024-11-30,600004.SH,17.51586902600529,3.016576857816303,0.1600848109956199,0.5584299395217202,0.2486190870729325
2024-11-30,600005.SH,9.114967339353381,2.7096941123622043,0.16528442348917138,0.4317047785504103,0.08319748890186332
2024-11-30,600006.SH,20.507759803516187,1.6596917427815168,0.16764294296376167,0.3463044860307237,0.15653207255772944
2024-11-30,600007.SH,14.72601106668817,1.809281404493916,0.17330884102806698,0.29809016110895104,0.038498792617613485
2024-11-30,600008.SH,10.18206626434029,1.6785775394463798,0.1350971144667015,0.4048813016147971,0.12948436336170602
2024-11-30,600009.SH,12.971118965375815,1.6499823791926602,0.09551690408819132,0.5955618649725851,0.16318049721150482
2024-11-30,600010.SH,7.099400731976353,2.3752620672677778,0.10034339653041809,0.48108872786340456,0.021903280998395377
2024-11-30,600011.SH,11.163751309608681,0.9605991418004516,0.12678148454103616,0.46392202539165517,0.04506813724971291
2024-11-30,600012.SH,19.257765346690757,2.4227160435354222,0.21765073834744153,0.584295665297646,0.2976420358065061
2024-11-30,600013.SH,9.923938292685554,1.0207672261381195,0.15257523571430046,0.6829453040569092,0.44743628391913437
2024-11-30,600014.SH,13.249857056170203,1.5068886004521853,0.18359734739030684,0.5542272835487304,0.06280656022456121
2024-11-30,000001.SZ,17.53959648164184,2.957758997921763,0.2126143339583863,0.5995301238125408,-0.08441349280815091
2024-11-30,000002.SZ,18.299125910009607,1.7250656989575908,0.15191121186885453,0.5885861226014552,0.1803814825952058
2024-11-30,000003.SZ,10.028426738766248,1.7580908936339075,0.10992732310592282,0.5709866854063971,0.18038877664473235
2024-11-30,000004.SZ,23.68012933736259,2.6054099470178405,0.10886605894964414,0.5780157211108461,0.20630361816599285
2024-11-30,000005.SZ,16.619905450452464,2.0708823169768333,0.15227433474877008,0.5240353743985974,0.16578828496810208
2024-11-30,000006.SZ,14.603115691829219,1.8362414125765434,0.14786695315170204,0.34624603887307526,0.24738826467423705
2024-11-30,000007.SZ,20.616473509609833,2.0252356067826245,0.1836606949115964,0.4924263641209653,-0.022210485808244126
2024-11-30,000008.SZ,22.028260569626795,0.588785351093835,0.1702576850609917,0.44851576479960015,0.258169306131013
2024-11-30,000009.SZ,13.863873432001943,2.877738385369912,0.1809001680151149,0.4791326734956199,-0.05102689878721589
2024-11-30,000010.SZ,22.426581620738,1.7826348447183156,0.09950478480639582,0.6682485631169561,0.24533655177986435
2024-11-30,000011.SZ,14.561461573736603,1.7729957932196299,0.0760982894806759,0.28555906474977105,0.23636980516416375
2024-11-30,000012.SZ,19.496166596973172,1.978604902981785,0.1346806187135729,0.4235066734282336,0.3268132697338994
2024-11-30,000013.SZ,7.863915252325244,1.3657531950794897,0.1440175348096671,0.5099670089407966,0.19979511286861049
2024-11-30,000014.SZ,11.923002925551035,2.470453724773839,0.11961519090794756,0.5284795669612536,0.12319010016840548
2024-11-30,000015.SZ,11.669879736219613,2.002393489164407,0.16538785393624003,0.42913434249854354,-0.06673002417174875
2024-12-31,600000.SH,18.535715049036238,1.8958089608022666,0.0962994550255458,0.4955205851397168,-0.01888381064769283
2024-12-31,600001.SH,7.347038032751973,2.8285143918339513,0.15024608699223163,0.5757735584776292,-0.012074757582076032
2024-12-31,600002.SH,15.690324470030399,1.1657907077249714,0.12850101171900022,0.4821591236288587,0.012194383916677196
2024-12-31,600003.SH,17.013144592298225,1.4706285638868606,0.18306750659130713,0.5468623986208565,-0.11478956600069773
2024-12-31,600004.SH,6.751493965468602,3.2478191330289916,0.1410240752300521,0.5892006517384406,0.1609729152791641
2024-12-31,600005.SH,18.665278126852083,1.046544803967334,0.19323130217851892,0.5508297433830893,0.1806159228062232
2024-12-31,600006.SH,19.653144523910687,1.6147016013249873,0.12786872929319748,0.5264229064382666,0.22465795579735037
2024-12-31,600007.SH,18.0694375704251,1.8411468894586778,0.1648916724797028,0.6294613255339088,0.08081315781512305
2024-12-31,600008.SH,18.166843351911595,2.063937345633249,0.13625556240112005,0.5483194274418186,0.09148809962160731
2024-12-31,600009.SH,19.82942810193655,1.1385648154943415,0.11299957134323449,0.5209883483756546,0.15738798132489032
2024-12-31,600010.SH,15.263208993769062,1.7941011190841525,0.11214994652589147,0.44807750634374427,0.1723368609548991
2024-12-31,600011.SH,12.286262305443206,2.1537734547684684,0.15530036544035858,0.4815225736740674,-0.07460202805583119
2024-12-31,600012.SH,17.126765833789978,2.515048252565605,0.1430159966508766,0.5342603895309497,0.15754233997572475
2024-12-31,600013.SH,17.929972902867352,2.7005042308224882,0.1796686229013362,0.4363535379351473,0.03419762213102681
2024-12-31,600014.SH,17.770231731151355,2.3839266461320228,0.12848377162916955,0.5532153968878464,0.31732184009755754
2024-12-31,000001.SZ,13.92544694159588,2.8629287397388232,0.15940998177564042,0.39824779522447035,0.02970478782593078
2024-12-31,000002.SZ,8.883249940529767,1.3543458010128548,0.1044689430512314,0.49158919237601717,0.04832203686929651
2024-12-31,000003.SZ,11.095123373662608,2.7230376286358746,0.1442935892561016,0.489305900939302,0.18298754296966674
2024-12-31,000004.SZ,11.454305522530587,1.9348134498036513,0.12843976699491413,0.5100667421033703,0.1632809999887435
2024-12-31,000005.SZ,16.48463291035717,0.943180338421934,0.1819943279348719,0.6460654024096256,0.14122042570959747
2024-12-31,000006.SZ,8.957729628005215,0.97186021598114,0.20011759584762065,0.43610709784617735,0.2762982390573796
2024-12-31,000007.SZ,11.205084147450176,1.8463142887383235,0.1535916795677285,0.49931690997868405,0.08898684649806327
2024-12-31,000008.SZ,10.31093637034416,1.333656561921031,0.16796133257386703,0.36965499749510733,0.017692406342225644
2024-12-31,000009.SZ,12.383447248817756,1.7987497799636334,0.21758588040223809,0.5018828241515116,0.12361144936835475
2024-12-31,000010.SZ,10.530545203015794,2.3674068235015273,0.08726606172171902,0.5453412116018311,0.18758815510529722
2024-12-31,000011.SZ,19.07073407077858,1.2731261513841137,0.14004875325033941,0.4468900571395062,0.2867178729445521
2024-12-31,000012.SZ,21.846522010743996,2.603065406493626,0.09438951237332495,0.5121828145587355,0.022259984298559604
2024-12-31,000013.SZ,20.205802084863898,2.3218854756732292,0.16445127820648145,0.47603206553853855,0.2544246973186221
2024-12-31,000014.SZ,11.791018657531085,2.206884954025821,0.14769478622874793,0.3801325801781762,-0.0009505686363529414
2024-12-31,000015.SZ,22.08343779889774,1.956654178478069,0.16400568619857755,0.5693063472713804,0.05894760090458605
2025-01-31,600000.SH,18.144428800296097,1.9964951820112158,0.05292625715257311,0.5128982028190004,0.24128696352169227
2025-01-31,600001.SH,12.343287782766321,1.7935754770135819,0.15749885614916107,0.41828775178802263,0.1387717091409496
2025-01-31,600002.SH,33.30768296244052,2.116134921971704,0.1317206330886239,0.5805368351839177,0.19767468715704894
2025-01-31,600003.SH,12.350948354182677,0.7317784390682496,0.1548478374160003,0.5995085923434952,0.11024903341814364
2025-01-31,600004.SH,20.58078379958385,2.922367969053063,0.16936294660188325,0.5477102843704881,-0.049092619340417115
2025-01-31,600005.SH,12.302581115157142,1.081904306650052,0.10107269699604718,0.5017726860304222,0.2972307254235824
2025-01-31,600006.SH,10.19761455348638,1.6717272160966516,0.16956267777417136,0.45660762893884105,0.06214870646596804
2025-01-31,600007.SH,22.324147825558576,0.9245551155321551,0.13127005193353108,0.4000441876900746,0.12813422671228303
2025-01-31,600008.SH,14.93118478628619,1.814876586898433,0.12319123073598857,0.5666102432421825,-0.13073215587266757
2025-01-31,600009.SH,17.070269871655018,2.590616494397651,0.1169204557143488,0.5512068154740118,0.30938747891939766
2025-01-31,600010.SH,11.16072454375314,1.7171696907811862,0.13827449895850888,0.45387522584471957,0.11277156935811028
2025-01-31,600011.SH,13.356896684414458,2.384473047086951,0.16019144113846087,0.4740225756015295,0.07360598615529258
2025-01-31,600012.SH,15.075983015404683,2.6751085419240948,0.11016694409641636,0.7022551797858517,0.1768215315919529
2025-01-31,600013.SH,11.485807498732704,2.0909879459567002,0.13998235009034415,0.5064810430583415,0.048922820620959734
2025-01-31,600014.SH,15.04558880128336,0.7386811048109081,0.15500334770952728,0.5038154506956308,0.02976816368130672
2025-01-31,000001.SZ,11.943202662545232,1.6169820668854873,0.20220013137472576,0.478848970697777,0.22992619867419029
2025-01-31,000002.SZ,12.005884037888725,2.362357427716325,0.11910286473445619,0.572132137180283,0.04695548537372313
2025-01-31,000003.SZ,16.155329156832973,1.5713450006725753,0.10575199328569393,0.4813075041012531,0.18531734810192657
2025-01-31,000004.SZ,13.65196943677969,1.326173071780511,0.11387341153523838,0.5438754588008143,0.06637516099303108
2025-01-31,000005.SZ,18.05588683582083,1.4210839357809615,0.1564476428807003,0.5750353275876008,0.3552134494900686
2025-01-31,000006.SZ,16.484585361088975,1.590805271275651,0.14468081640935979,0.4516912075242435,0.10913259363157446
2025-01-31,000007.SZ,21.068394988513074,1.8450311045216012,0.14388328432131794,0.4945232894181936,-0.010620736316105897
2025-01-31,000008.SZ,17.865387245744795,2.1826762279138228,0.1732656131498961,0.5573242376883315,0.05003293740849949
2025-01-31,000009.SZ,6.9891215836014,1.43719614799266,0.16746212390465648,0.3770771335537052,0.014214742672995273
2025-01-31,000010.SZ,13.078500246089646,1.673102350909566,0.1433327397791445,0.6109551097104555,0.2364972505645055
2025-01-31,000011.SZ,19.038353399112385,2.5415053283162674,0.12067320810667025,0.5712537451071676,0.03686082013859934
2025-01-31,000012.SZ,15.729044031717688,1.287556881251611,0.16104253905461396,0.5135834626020261,0.29866951268771935
2025-01-31,000013.SZ,9.38613138188008,1.2987808585080283,0.09540125530641794,0.5389021663944281,0.15718641937749483
2025-01-31,000014.SZ,17.02234744965159,2.2158273490067764,0.0967453654659316,0.4071697464876812,0.08824139337807331
2025-01-31,000015.SZ,14.862887963337615,0.8918574669042778,0.15791305372032352,0.4886078586446469,-0.011021413072442227
2025-02-28,600000.SH,15.379947364933598,2.26175952925367,0.09233636866010234,0.2911085054746364,0.09156328942774108
2025-02-28,600001.SH,15.597212253841002,1.5308572175281752,0.11230431099371224,0.45217161403244704,0.10440128215753758
2025-02-28,600002.SH,15.008440440079355,1.8827046303809705,0.12878482165814273,0.575575526914152,0.2784738194077696
2025-02-28,600003.SH,14.939462692861856,1.2891934388546675,0.10407896744722228,0.5917078659788485,0.04975055456420485
2025-02-28,600004.SH,23.39018715912117,3.5895866529832032,0.14467426835895958,0.4367998929117133,0.22537840261344294
2025-02-28,600005.SH,21.395158044059038,1.3438621288480594,0.2074513058883231,0.3020797771478232,0.03457989342025747
2025-02-28,600006.SH,19.235854540970625,2.3083543205794164,0.16833901463681783,0.5159535570733467,0.3104412790622376
2025-02-28,600007.SH,21.880742953746825,1.2888500941294607,0.15841361975785578,0.5942860796532571,0.12542137161956712
2025-02-28,600008.SH,18.35493243024194,1.8694081499806932,0.12595141356349374,0.4524411170452726,0.12472414388155287
2025-02-28,600009.SH,15.447083312758354,2.0593393893863943,0.13952993997721932,0.4883837104477459,0.18769261333226683
2025-02-28,600010.SH,14.082603798544133,1.4042240899000134,0.09695453676890364,0.6010940492182251,0.13305495060371886
2025-02-28,600011.SH,11.580129748232375,1.0281628811014434,0.16721635345305289,0.5608867605058533,0.24185001785344099
2025-02-28,600012.SH,17.755867403669765,2.5756289698625396,0.12940444694033582,0.527409166158837,0.17456762198989412
2025-02-28,600013.SH,18.068188276024685,1.0934196745412148,0.20674220833943138,0.6694824908269653,0.08499666150715438
2025-02-28,600014.SH,18.309446661909146,1.056510344745531,0.1720965968957153,0.39434183059004546,0.05078355952969424
2025-02-28,000001.SZ,13.04896425145606,2.1783708600184335,0.2217119309743674,0.5852790268918103,0.21582587790508442
2025-02-28,000002.SZ,14.329670543617327,2.394148778780373,0.11958593185792434,0.38557452694883093,0.2345925988574339
2025-02-28,000003.SZ,15.760230388866237,2.3682512847613624,0.06296321639541325,0.5462199181503888,0.2405641197137195
2025-02-28,000004.SZ,17.939026977628536,1.549629287437307,0.09593972100569684,0.4252680896166363,0.17543326924573588
2025-02-28,000005.SZ,16.060985455166914,1.4756124971449587,0.17822310016650775,0.4695267899023936,0.14542980329562366
2025-02-28,000006.SZ,22.776436697449213,2.0439538876967314,0.1516571928600037,0.43599257124440477,0.2705784535867705
2025-02-28,000007.SZ,6.7798332588897985,1.8983226447364883,0.16136111731644223,0.4001437225954128,0.11435917468417234
2025-02-28,000008.SZ,17.145514297962723,2.025968770163176,0.21448196320595403,0.47533122052501653,0.1498576372124135
2025-02-28,000009.SZ,14.904176099332556,1.4821919245968584,0.20833497374052828,0.563058934863869,-0.00010445204636438943
2025-02-28,000010.SZ,21.002382512455416,1.9503129779038528,0.10193122781931499,0.5501047391338376,0.21352913442509996
2025-02-28,000011.SZ,21.315943485358254,1.9202563465865412,0.11457899035944091,0.2862283854659786,0.08901734733503237
2025-02-28,000012.SZ,12.212938402966245,1.9555967925720705,0.1273232880796604,0.4072931021433149,0.1952703297276205
2025-02-28,000013.SZ,14.729377034389566,0.5,0.16769801321733138,0.5908712578408992,0.17620802848880746
2025-02-28,000014.SZ,15.410389998459387,2.0373641131928415,0.10988879517198663,0.7130979086768812,0.15497652183428545
2025-02-28,000015.SZ,16.762411735655384,1.857727777922209,0.18814941880009747,0.46038171061393846,0.07545129156496805
2025-03-31,600000.SH,20.959250229862388,1.8865964131604507,0.13276780750573497,0.47430019800253725,0.10096173829395601
2025-03-31,600001.SH,14.119732263674491,2.2021881622760877,0.16831364871468896,0.4940229124158882,0.15559655091927335
2025-03-31,600002.SH,18.814089439413653,1.2277926635189662,0.1266856122746346,0.4969581456770925,-0.09249096555814734
2025-03-31,600003.SH,18.15588956823994,1.134088182080248,0.15699082806156195,0.47935780426583224,0.3442113138993279
2025-03-31,600004.SH,12.885772695331337,3.1605805408114467,0.1456822450411263,0.5657224111324909,0.31665905915093145
2025-03-31,600005.SH,9.329729738648277,2.0249786180421387,0.1734884191200858,0.4823031181580977,0.18430228300442658
2025-03-31,600006.SH,17.62269796413744,2.2232212367125284,0.17441966602640552,0.5573102832460555,0.2391894712262284
2025-03-31,600007.SH,19.600820247787055,2.166781546773498,0.17224795336193308,0.5985159491758525,0.06431852641787311
2025-03-31,600008.SH,10.397356790378211,2.0354012726810735,0.09193244059134292,0.5700267708086395,0.07142219074377061
2025-03-31,600009.SH,15.511488286061828,2.507109214846423,0.15714434907966185,0.5934161087108641,0.2285649902597302
2025-03-31,600010.SH,13.291422021538256,1.0184205173066654,0.10051693836821342,0.4343432874238296,0.21955940975530902
2025-03-31,600011.SH,12.228515255472646,2.1929399787304056,0.1857912051681625,0.4089380164848696,0.3724860721433506
2025-03-31,600012.SH,11.461023120869585,3.1244171800631637,0.14916189516338133,0.49137249651315784,0.179198067971865
2025-03-31,600013.SH,13.800122061404737,2.7507777500707253,0.14269990748428202,0.4948390803708938,0.06207488619816909
2025-03-31,600014.SH,13.077346177052714,1.4498774897874938,0.15081592275028177,0.555943584170206,-0.0314750261384891
2025-03-31,000001.SZ,21.378078759758754,1.5235996807248078,0.18935085454298714,0.5189433002471852,0.30249374713983856
2025-03-31,000002.SZ,17.639531869739255,2.0760845104894874,0.08318158289346383,0.5070475709307697,0.22622966130390593
2025-03-31,000003.SZ,13.567727026953106,2.032608047117922,0.1253371149267601,0.3604171241803995,0.1546468547373864
2025-03-31,000004.SZ,20.92910003856511,1.7771584621062206,0.15808774505056067,0.6325508884974215,0.10961014021503893
2025-03-31,000005.SZ,18.767157297111048,1.6213781840388202,0.08928668313443974,0.555025066842892,0.07690991270107624
2025-03-31,000006.SZ,16.535958109150986,2.5413752836148236,0.14455954212023597,0.3779972285134489,0.22339662667062665
2025-03-31,000007.SZ,24.774821784556583,0.913853397508313,0.1658201270889011,0.4364972439599442,0.03739179065127569
2025-03-31,000008.SZ,13.58123941591619,1.627971686103522,0.1850450972068413,0.49065678190590956,-0.11618753549541835
2025-03-31,000009.SZ,18.118677317847684,2.1646392528747405,0.16483105793716457,0.543981754799741,0.24175890772837366
2025-03-31,000010.SZ,22.13265538612319,2.8786845973392303,0.11936193762721124,0.631562685281972,0.2808768291816526
2025-03-31,000011.SZ,15.626857106640777,2.22031084050835,0.06633524667308459,0.3236127283604945,0.20999834655317495
2025-03-31,000012.SZ,18.610651481349013,1.6063576610121273,0.11483967658361124,0.45155458103288626,0.19918694266894282
2025-03-31,000013.SZ,5.7450957328783545,1.8328093777528562,0.14081020549560594,0.5297943382992134,0.1876270565481475
2025-03-31,000014.SZ,8.467651936347664,1.6509023881782399,0.18808714296136728,0.48859001578255545,0.16078148894224692
2025-03-31,000015.SZ,8.670541660302492,1.992501984504673,0.1489829241151227,0.5470001581434163,0.06599970291149121
2025-04-30,600000.SH,23.775686783628792,3.1637431744160702,0.11594075451866898,0.41698412986879885,-0.05292274652299116
2025-04-30,600001.SH,11.4077207553099,2.7246781822652264,0.08328511132672545,0.44477303303298005,0.11553073181116386
2025-04-30,600002.SH,5.5937475469081495,1.174702752038229,0.09653934366897442,0.45674356416517947,0.1458682873746283
2025-04-30,600003.SH,19.11110787752848,1.268222339168138,0.12845850617029303,0.5304335140151819,0.059446323995018424
2025-04-30,600004.SH,15.67123944673139,2.424346984415308,0.08196060159130202,0.6211538872653835,0.172720651320463
2025-04-30,600005.SH,14.035074450255056,2.5897974651113165,0.11534262274672544,0.3495607061455547,0.17297608522611668
2025-04-30,600006.SH,8.714496566643518,1.6941745899127014,0.19115163283105285,0.5117311058927524,0.20789940837813234
2025-04-30,600007.SH,16.069104680358365,1.3860647905810364,0.16786299573111677,0.5282978703016096,-0.07508926054018188
2025-04-30,600008.SH,21.852461788701092,1.831180397575797,0.12394197135761105,0.546429041672355,-0.015363941640027107
2025-04-30,600009.SH,20.1706593888042,2.5407315830578936,0.08073343506060895,0.5641143665544697,0.14073663690529706
2025-04-30,600010.SH,5.714650751288412,0.7397276599269511,0.1091584362036928,0.3449423098350336,0.0356476902998472
2025-04-30,600011.SH,7.747783033638729,1.5388031187705429,0.11769309695804234,0.5691173084354474,0.17802702733178827
2025-04-30,600012.SH,21.177252953545004,1.3558662124828555,0.1342944083952374,0.5208972891883578,0.22529785193195762
2025-04-30,600013.SH,14.409216138103197,1.7494350578992677,0.15021152038575214,0.5161709162694679,0.41641973065071136
2025-04-30,600014.SH,17.252971950484117,1.8199376667335387,0.13852478821242714,0.4711723230739608,0.05867918275723556
2025-04-30,000001.SZ,19.521500695949072,1.5004300519671379,0.17609221631319413,0.3904601106773936,-0.07416729368155364
2025-04-30,000002.SZ,15.74757829793317,2.0728249262544423,0.12115077433035802,0.49237055470558255,0.023589982290419975
2025-04-30,000003.SZ,13.90163947797951,1.3544744035959924,0.12543855393042977,0.504973024381677,0.2940599215049755
2025-04-30,000004.SZ,14.53243945745582,1.136556001149043,0.11967093223198834,0.588726878657895,-0.11977233803284018
2025-04-30,000005.SZ,20.50213145449055,1.4956922029651813,0.11145224799550572,0.5405723543347623,0.10589269564005811
2025-04-30,000006.SZ,11.09957796393835,1.2306978702313254,0.16826197362961703,0.40524157663786226,0.16085249020267178
2025-04-30,000007.SZ,18.37911100578083,2.0279321781417794,0.12101456772672092,0.533823752299133,0.22838358062786784
2025-04-30,000008.SZ,16.012376415192627,1.3674942143798265,0.133180425638981,0.4378885812296912,0.11030329368957593
2025-04-30,000009.SZ,18.705025101239684,1.2203212441501539,0.16377721295306896,0.621715534867223,0.07659879529221489
2025-04-30,000010.SZ,24.85591789186637,2.125948615887224,0.13919425284330747,0.6006225754222247,0.21070902806111447
2025-04-30,000011.SZ,16.291729578656188,1.9441688020980934,0.13047299527218031,0.5138511721978336,0.21260615877848474
2025-04-30,000012.SZ,8.93021515492562,1.9288411764637579,0.11358531751420757,0.4363296118684743,0.2257502756209105
2025-04-30,000013.SZ,21.79167569450583,1.4839744526007448,0.18932201527148357,0.4222400996437491,0.32317427051599734
2025-04-30,000014.SZ,15.722768208136625,2.3042783259303916,0.18457905936536514,0.4890773713081221,0.20775692076301183
2025-04-30,000015.SZ,12.166741559494941,1.6789466973155436,0.12683353685969312,0.696828315083486,0.21412609465474458
2025-05-31,600000.SH,16.087746697361283,2.472709333604266,0.11316498960917545,0.4217669850247147,0.17647581614551477
2025-05-31,600001.SH,14.498333725246521,0.9041792819228618,0.12649593253734448,0.4853412878883309,0.04067285152734473
2025-05-31,600002.SH,12.430318568819125,1.0203009092389754,0.12093195733610444,0.4399814238319838,0.21643959335174123
2025-05-31,600003.SH,17.066010480274368,1.3577330488981767,0.15306799059193968,0.5314020218034832,0.11305508165843128
2025-05-31,600004.SH,13.780760869366238,3.0856548470988425,0.16610046224717184,0.5461214235861953,0.24938629533695922
2025-05-31,600005.SH,16.431231533262032,2.129858651335674,0.1517857548630277,0.41843123051575426,0.07248533625472176
2025-05-31,600006.SH,18.721969218493463,1.4950661886627978,0.1590820206649243,0.5299214309465669,0.3687182513798174
2025-05-31,600007.SH,18.496804923776054,1.5474268221690373,0.17953091027982754,0.6010371770930123,0.11877025976104988
2025-05-31,600008.SH,16.774944186918155,2.3322851890851743,0.07428456254325957,0.5712381128167351,0.012478088248988689
2025-05-31,600009.SH,16.57766963685662,1.6324051828673176,0.1347792392657259,0.557754196635664,0.005463896364838183
2025-05-31,600010.SH,12.837276213968243,2.902944270002211,0.0731736208405247,0.4633073353534105,0.03894344902408432
2025-05-31,600011.SH,18.507505896528574,2.0081546246466413,0.14464774987348172,0.5533945791005599,0.1844571641456767
2025-05-31,600012.SH,18.024477514112075,1.900570478555765,0.1409771353680733,0.4728751082809387,0.18103446057666664
2025-05-31,600013.SH,9.43159471904407,2.5148321716623165,0.20867179203960637,0.5054227300275477,0.31749519548837346
2025-05-31,600014.SH,15.463588359825732,1.4988485394356712,0.1604553996601879,0.5768553986756201,0.007869372405881703
2025-05-31,000001.SZ,17.424729229557368,1.3403600201131942,0.15316934021572304,0.4484066881532325,0.03060646450761506
2025-05-31,000002.SZ,12.69074064209634,2.172845367625349,0.0765073297118711,0.5967092238805856,0.2012644212405918
2025-05-31,000003.SZ,10.479781792384403,1.9904364448450171,0.13589472322530968,0.5266970618306387,0.32798517349950473
2025-05-31,000004.SZ,17.045347550426005,2.3944896970584018,0.096634064350298,0.4455360208329907,0.3284472045640694
2025-05-31,000005.SZ,15.272176048138107,1.0162761896414474,0.1388068886810486,0.6711181392671663,0.10364753099198878
2025-05-31,000006.SZ,15.833178128056947,1.272755404233147,0.13827901211138383,0.5297759575452189,0.12156576778209005
2025-05-31,000007.SZ,9.912377767399748,1.611943313875964,0.14475797125420564,0.5411771083829606,0.11797774128896978
2025-05-31,000008.SZ,16.29176390335829,1.8142160556959714,0.15450346367751094,0.4478907713844737,0.14323277910786647
2025-05-31,000009.SZ,19.356011458562833,1.1296324607783639,0.15455041774643205,0.4491337845344855,0.20315279898787544
2025-05-31,000010.SZ,17.831427964033438,2.4776984183213004,0.09730079854727286,0.6194588680678785,0.11123646582173824
2025-05-31,000011.SZ,10.820297783527746,2.4614491187080194,0.11909436834473275,0.4251760836447014,0.18812907813053334
2025-05-31,000012.SZ,10.223334278942918,2.015361551018562,0.11510473447425103,0.46751158753807787,0.293929373386781
2025-05-31,000013.SZ,17.568778585261683,1.511809194894707,0.13747290851536476,0.3051544405091655,0.1178108130203826
2025-05-31,000014.SZ,14.668508686943087,1.817917492090933,0.11683918510606284,0.5784119775774479,0.2106444445005533
2025-05-31,000015.SZ,10.11441054566504,2.437505139945066,0.17812014335143203,0.49185455473436046,0.027231274790297466
2025-06-30,600000.SH,25.212410686869234,1.6414886460979494,0.09477449461082792,0.6072599136999941,0.02311307043786129
2025-06-30,600001.SH,22.41196362776092,1.4889917156062467,0.1234566879016996,0.5668736329891888,0.05325341537311694
2025-06-30,600002.SH,16.39894525027512,2.1722181410057644,0.10745017132986298,0.6892283998613193,0.2237724420767972
2025-06-30,600003.SH,13.570870948544332,1.4825885867298063,0.1877930185895309,0.5116148346809211,0.09278415075293778
2025-06-30,600004.SH,18.584661597704507,1.499721152555316,0.1480416957781558,0.5767327393098358,0.08962862328022014
2025-06-30,600005.SH,6.737603794826818,2.034550221882261,0.1772045183671542,0.3956755615100569,0.062019273571259304
2025-06-30,600006.SH,23.024325323796702,2.0640639352882246,0.16095492658939936,0.5536683654210768,0.22417397011437654
2025-06-30,600007.SH,24.15685980220759,1.932084720316411,0.14525336302607095,0.4573008628125625,0.018909470199404185
2025-06-30,600008.SH,17.238240161340723,2.04825535266832,0.08181782462692991,0.5871311934187181,0.2000117197302251
2025-06-30,600009.SH,14.58906221989817,2.104729199449609,0.09581108288093022,0.5281970087485224,0.0718366970406791
2025-06-30,600010.SH,16.23434600708238,1.9280131809726724,0.1217576937483916,0.4204494126480519,-0.056781823342022336
2025-06-30,600011.SH,19.423497536579468,0.5572770622000389,0.15054701207326393,0.48301677650472313,0.1334317695973548
2025-06-30,600012.SH,17.967229366106825,1.8685084747386669,0.16632038455756315,0.4049145654863266,0.2127814641288836
2025-06-30,600013.SH,14.288946139688502,1.786536003018903,0.15000232941313782,0.5267715549137093,0.2502153352735464
2025-06-30,600014.SH,15.856818078934943,2.266489733187316,0.19612241646024436,0.5947014319831653,0.148259022185962
2025-06-30,000001.SZ,23.099722685874085,0.8933355044147117,0.20690341141242732,0.5735876961282435,0.14336708625862948
2025-06-30,000002.SZ,21.616183213186858,3.0868777441584045,0.10157414827312759,0.45916459218982664,0.1730607261896298
2025-06-30,000003.SZ,10.503542846328173,3.3556104194690217,0.13972088331624818,0.5137230462146853,-0.0010201458886568149
2025-06-30,000004.SZ,19.007674759142745,1.2071752434113632,0.14899793415144738,0.3398242920217962,0.2983724768432434
2025-06-30,000005.SZ,15.30342005765941,0.7541395158762658,0.13959024151012484,0.5713458359966507,0.17356822793052676
2025-06-30,000006.SZ,21.51890711744101,2.3904395287690496,0.1699022120301811,0.4301019540859536,0.24269989862978222
2025-06-30,000007.SZ,9.766048125197033,2.1290514174707944,0.14104478090012307,0.5855709248788691,0.08755051722032231
2025-06-30,000008.SZ,16.651473438675335,1.9311612888564946,0.21515753670747012,0.3851709949060555,0.0886203157698335
2025-06-30,000009.SZ,9.159651646383411,0.5751835339565765,0.15437426951588787,0.6337628523364064,0.11698246786074588
2025-06-30,000010.SZ,17.120915534540405,2.5867505801271196,0.11288581088114494,0.6190666538398845,0.1722844099981577
2025-06-30,000011.SZ,19.170808317334654,1.775156355609938,0.14617718521817372,0.35302942921570957,0.1514020250871258
2025-06-30,000012.SZ,20.387685960198024,1.722967920043153,0.11922866130832485,0.6630752666744414,0.3218591799946915
2025-06-30,000013.SZ,15.566531628224526,1.1147611783695073,0.08912287656931775,0.5666929346469365,0.3265868548057874
2025-06-30,000014.SZ,15.583082713695704,1.3446499047754754,0.154007979214739,0.5010519435178773,0.09616564961270187
2025-06-30,000015.SZ,20.77371058849564,2.394700797189898,0.17440186581644285,0.5663724442829203,0.1414474587507873
2025-07-31,600000.SH,15.107927074088682,2.4774679155341994,0.10516578809221723,0.3842195480893501,0.1615001755397617
2025-07-31,600001.SH,8.073783409860537,1.7276878603981254,0.1353330098028469,0.5779667740170514,0.14717029963654524
2025-07-31,600002.SH,13.31165240234932,1.7745338119576346,0.13728186357553535,0.6348427520661107,0.21205979937097436
2025-07-31,600003.SH,18.711718065544957,1.6327096424386514,0.11322534212708506,0.4275166931258123,0.109873406105053
2025-07-31,600004.SH,16.79772266220591,1.9490569625311327,0.1643043663271098,0.5064251658673327,0.09595791129439696
2025-07-31,600005.SH,18.632039620595517,2.3834361095259338,0.15233778195215203,0.38355591301186204,0.27489149141953395
2025-07-31,600006.SH,21.505840923964,2.11959865528946,0.16555428835292949,0.3924327040432225,0.19851640575488694
2025-07-31,600007.SH,22.6303994888771,1.145480562549714,0.18118633568031517,0.6408633663562116,0.0495767081220075
2025-07-31,600008.SH,15.490071823007986,1.524798746943769,0.12558001592623094,0.4807521632665185,-0.05546034756924825
2025-07-31,600009.SH,11.185765558027075,2.104223098635917,0.08049737262380818,0.4591347731909311,0.17592841526019504
2025-07-31,600010.SH,13.71046257976925,1.3430053111059312,0.12196831756905747,0.5890536464112168,0.26817317329351636
2025-07-31,600011.SH,12.570265948304655,2.0080911383766815,0.14302507721147506,0.3380644581189467,-0.03531560125288494
2025-07-31,600012.SH,14.362668865013156,1.4121234113740915,0.15678917080452323,0.4660048372557722,0.22253290449996296
2025-07-31,600013.SH,18.76278404536872,2.3450137288265753,0.13673447667959543,0.5812537366750601,0.10445376237373277
2025-07-31,600014.SH,18.845359726108736,2.4113270798331783,0.1880788393447428,0.5558337965636094,0.1366768253556304
2025-07-31,000001.SZ,8.86692025303972,0.7206471844305071,0.1916699020671854,0.5546187552678264,-0.02314487107715224
2025-07-31,000002.SZ,14.060738419607123,2.4194317758399113,0.09463620390933099,0.45284938139800496,0.18132432848452004
2025-07-31,000003.SZ,13.432745693964161,2.056278611328574,0.09544253989298093,0.5075080519739854,0.10020866737162812
2025-07-31,000004.SZ,16.622472361911747,1.5292979638323394,0.12931799550546438,0.4705377771357224,0.1612089777426607
2025-07-31,000005.SZ,15.539873685538968,1.133953144783783,0.09128522238964226,0.6457972758298862,0.25463097873563195
2025-07-31,000006.SZ,12.780583557170559,2.540834028373141,0.12438031750875901,0.42542967162124923,0.1469720217224766
2025-07-31,000007.SZ,13.88963634498743,2.3230899723782663,0.14995314748666055,0.45282884331077006,0.15432272156568203
2025-07-31,000008.SZ,14.24683190681795,1.5041060027704527,0.17601604336597687,0.5894129598894966,0.2055916530069974
2025-07-31,000009.SZ,7.701486077786515,0.9627279803790113,0.20497710507730105,0.5169984440757333,-0.10000059395015704
2025-07-31,000010.SZ,15.080393351284064,1.9804790180852543,0.1021857645684864,0.631194274680998,0.04708321785805783
2025-07-31,000011.SZ,20.742129549724318,2.1425662373330487,0.08783648159097367,0.4244421050311412,0.20946670842275555
2025-07-31,000012.SZ,16.158248751877842,1.989486650094454,0.11531459836201,0.5243814461647984,0.14015380457878113
2025-07-31,000013.SZ,25.1846626375401,0.940274019757582,0.20744877298615744,0.43390814050571785,0.32712246205542106
2025-07-31,000014.SZ,17.309762894886042,1.7452174081647183,0.16498678675092562,0.5003352207922552,0.10748495794946591
2025-07-31,000015.SZ,13.591469172393019,1.8253450712153854,0.14918925052765425,0.5972697905780644,0.00961777521469201
2025-08-31,600000.SH,14.535620154634806,2.6774880761616475,0.12070965522931207,0.3454666242670972,-0.020327982466413486
2025-08-31,600001.SH,8.453956605257078,2.454844909812701,0.13721440146394703,0.3928994329070525,0.16496509272015772
2025-08-31,600002.SH,23.942004851403468,1.0303306759453572,0.1146224808844378,0.38510468318234337,0.21485438866778098
2025-08-31,600003.SH,14.615769408563118,1.400947545771516,0.14568545138387526,0.4954452872200322,0.09983677066615737
2025-08-31,600004.SH,15.09904986238115,1.8949610877003888,0.13827536236378088,0.5574783920759462,0.169134020108771
2025-08-31,600005.SH,15.406577381448363,2.291613924100427,0.12251027402698389,0.5626361048977948,0.18591168847990577
2025-08-31,600006.SH,16.67335633045979,1.3482296490311152,0.21972917759673896,0.6687890545870299,0.38661806680858773
2025-08-31,600007.SH,17.48566276875724,1.7720526262961431,0.21727590680065673,0.49073993058098864,0.1341302577445402
2025-08-31,600008.SH,16.908876924327316,3.159383908570279,0.14590819471288105,0.5289622687206158,0.2525050602717732
2025-08-31,600009.SH,14.984629109685685,1.7271110949781374,0.11286658575005351,0.5817929021711168,0.04149498892640774
2025-08-31,600010.SH,11.929524917543931,1.078308306272802,0.10943793536590588,0.4687637519056799,0.2442138262878572
2025-08-31,600011.SH,16.6561282136857,1.8149199219753893,0.10176814603087114,0.4111197953952179,0.14025572515844528
2025-08-31,600012.SH,21.851332421837036,1.9215728631200393,0.11950610587108379,0.6258630543399912,0.1065067005448111
2025-08-31,600013.SH,12.488517970955016,2.1136676670482837,0.15874813396943085,0.49998989944348643,0.20003678961163024
2025-08-31,600014.SH,12.29623807334624,1.5442095938253024,0.16909676325531078,0.4071315060486978,0.1755065538930644
2025-08-31,000001.SZ,9.508383287780244,1.1305718848804198,0.20500383695737445,0.49554491994252187,0.10873231178319959
2025-08-31,000002.SZ,7.167236667481835,1.897159602630609,0.10459607877680914,0.4685185948782357,0.2341418747938694
2025-08-31,000003.SZ,20.977173450844457,2.307426772839455,0.10664021073647081,0.6071530657957442,0.08104304083423056
2025-08-31,000004.SZ,7.5052231802483504,1.1752333401464985,0.07070194172784905,0.5092936334315726,0.14217162530676766
2025-08-31,000005.SZ,10.629315200271659,1.17294253181629,0.10434108087495639,0.5598397606349729,0.09465143584124242
2025-08-31,000006.SZ,20.03975815287846,2.2848422831425665,0.19011968288559752,0.4136187984917365,0.4144366286296901
2025-08-31,000007.SZ,15.010079802331616,1.7357675489821207,0.220218396241624,0.3337195150960086,0.0247321380247172
2025-08-31,000008.SZ,7.339804142281703,0.8808623134111986,0.11832160175687295,0.5593405717659172,-0.03290523957756977
2025-08-31,000009.SZ,11.98089750320125,2.0459580700719617,0.19158362911566126,0.5731135929341047,0.24138213587016003
2025-08-31,000010.SZ,24.437719785738743,1.5741323933115257,0.12208006835523647,0.5482226742490598,0.1253324798036587
2025-08-31,000011.SZ,10.954099681891162,1.7340258320499569,0.10943137224295794,0.5644203128076007,0.044469652434145926
2025-08-31,000012.SZ,6.458180225358101,1.7969497839365052,0.09858086014728165,0.46883388032728623,0.2460755708845063
2025-08-31,000013.SZ,14.600737655584698,1.384377511975456,0.13608597744673157,0.5777919383239432,0.0845333113000343
2025-08-31,000014.SZ,16.913927655513945,1.6977795138630276,0.165051762525748,0.4165527908889319,0.1342510365157804
2025-08-31,000015.SZ,12.592514201280075,2.0482771321481046,0.1839735862501062,0.5043124576228858,0.09749488130355333
2025-09-30,600000.SH,19.21320266284575,2.050494356603113,0.12791973431381518,0.4763856896739507,0.0220071389025241
2025-09-30,600001.SH,22.04292730291524,2.280948062118224,0.09893581583634156,0.411792363362361,0.07804873658800039
2025-09-30,600002.SH,17.789912862797983,0.6932797526239542,0.10998726628890189,0.46380176163240044,-0.023765418973870966
2025-09-30,600003.SH,10.91293106192277,1.6686506258185367,0.1277771938174677,0.5071738937505562,0.002136020482478851
2025-09-30,600004.SH,13.145933174834008,1.4479679266303553,0.18647574169601694,0.7094662205624843,0.11268343029067077
2025-09-30,600005.SH,8.510239513569907,2.4273012136818064,0.17480909459485955,0.5999796149702801,0.3941077707210243
2025-09-30,600006.SH,9.89276972359367,2.3793297304113143,0.164437301298609,0.5239270703305393,0.27778483386641145
2025-09-30,600007.SH,19.94365866526836,2.100184826520816,0.1659932604186777,0.4337695415824653,0.1986913127984178
2025-09-30,600008.SH,12.513088069684848,3.130699355076808,0.09089061753767014,0.509533130904996,0.08095897089767572
2025-09-30,600009.SH,8.835758511320538,1.2309121959286644,0.1428008622256355,0.43239689582227847,0.37196628287134426
2025-09-30,600010.SH,13.623496058836112,1.2853278737041554,0.14050545602155518,0.2530473947434815,0.10664321102508854
2025-09-30,600011.SH,12.178634556033455,0.9668976204795955,0.12420547348012674,0.6020818489260842,0.17832502304270367
2025-09-30,600012.SH,19.59786934914799,1.8065869510553476,0.11691501575227195,0.49071518667177877,-0.06576223713183854
2025-09-30,600013.SH,12.612746641080811,1.3737500259833189,0.10903084363979354,0.5919373960537058,0.18694938012718074
2025-09-30,600014.SH,13.521319348386003,2.1355081669390383,0.12889321755761654,0.4625136835916801,0.19173255580342946
2025-09-30,000001.SZ,24.12562802690882,1.9421132775925394,0.191789294587646,0.4034513161758726,0.04411358608606796
2025-09-30,000002.SZ,14.909077028138803,2.8864490923483896,0.12066357673699049,0.5566366418265516,0.028377150339349358
2025-09-30,000003.SZ,15.467701173058291,1.6643279082242666,0.12350379451802154,0.5592656696472917,0.08687669162242284
2025-09-30,000004.SZ,13.931688839061945,1.981297932360253,0.12663069901061602,0.5508904200789771,0.2257143803832512
2025-09-30,000005.SZ,22.22914422314987,1.9316326489290998,0.15329851116014392,0.5299698303716804,0.14531597465768567
2025-09-30,000006.SZ,17.818012986064044,2.018375658744876,0.1612589948325796,0.38475062168623225,0.3929349603672355
2025-09-30,000007.SZ,15.774712471915844,2.0640025975420255,0.1479348641990017,0.6330416594430555,-0.04532902827317779
2025-09-30,000008.SZ,11.187932623811495,2.2267958553605585,0.1759914111735125,0.4638585712034704,0.04519123940749081
2025-09-30,000009.SZ,11.836436439428415,1.651069831583592,0.21884077578536987,0.5884129475736342,0.22233352079411856
2025-09-30,000010.SZ,16.26290313325316,2.4578648007176325,0.07113027379550214,0.5845709767309716,0.1517960387085392
2025-09-30,000011.SZ,24.285667162786062,2.778792522152375,0.11353900251901346,0.3846287788900584,0.08103080853730721
2025-09-30,000012.SZ,14.821419617394698,2.4508704942001063,0.14037268705520065,0.5214406791096274,0.2611206846656989
2025-09-30,000013.SZ,11.023371220217742,1.2454704312911948,0.15300582247825406,0.44768624194872053,0.047359200543798885
2025-09-30,000014.SZ,9.669670920832754,2.7271805863439593,0.1406479756424159,0.5580680546666118,-0.023252618270337477
2025-09-30,000015.SZ,14.517613409721257,1.8652039459632486,0.17115495053044397,0.5317694926883472,0.15042840068659064
2025-10-31,600000.SH,15.891949502770203,2.1598386084072283,0.10320799934413094,0.4520990087756741,0.10790645462645175
2025-10-31,600001.SH,15.020385988440285,1.9401908486358543,0.12466216385203886,0.5206149825394635,0.09239146674943417
2025-10-31,600002.SH,12.451788823071741,1.843227097604718,0.146758599434651,0.40334946475398714,-0.012146501921328906
2025-10-31,600003.SH,12.351154214291945,1.5038349246772316,0.08507713676539042,0.5859272097982509,0.12174680460386408
2025-10-31,600004.SH,4.595600217888462,1.6434157534093572,0.1424853967731035,0.42819701265227644,0.2570461195253394
2025-10-31,600005.SH,13.747332360112784,2.339094749062858,0.1342744834349839,0.48290982260894344,0.113935667018053
2025-10-31,600006.SH,17.230125004001334,1.9764150233930375,0.16824837006479657,0.5446735728296851,0.21390777176125375
2025-10-31,600007.SH,15.147494236531116,2.02144032887219,0.20634132409452186,0.5170077104250019,0.2136107375987632
2025-10-31,600008.SH,15.058233590955975,2.136032456811977,0.11010947208671452,0.5296162601178664,0.06894560851360687
2025-10-31,600009.SH,12.140566210502671,1.5029391522580344,0.12276902721916638,0.665867247867673,0.20142015468277502
2025-10-31,600010.SH,15.55233869859788,2.4245844644565855,0.1304811843816739,0.3708949613999209,0.10505537975845117
2025-10-31,600011.SH,12.757357163447294,1.3437887003777993,0.1552516806908982,0.5548431607913,-0.013212366996045416
2025-10-31,600012.SH,17.418159165598546,0.7484387869890001,0.14771066148241843,0.501779861154133,0.3576209826503836
2025-10-31,600013.SH,22.90502771654971,2.4661752449959318,0.13600653048721584,0.4585993781254888,0.09039461192980908
2025-10-31,600014.SH,22.106469485068416,1.3447789759386097,0.1603607474482589,0.49801854613110147,-0.0458172491296185
2025-10-31,000001.SZ,16.33046517441754,1.6766716414106662,0.12438603002848064,0.34584523087337127,0.1255188151601705
2025-10-31,000002.SZ,13.711144712751445,1.9995341409981318,0.1251419516852546,0.3645573625848805,0.06050083005122374
2025-10-31,000003.SZ,15.072148607464978,1.675352486770293,0.1278136682136082,0.41830162664920745,0.05761505460164064
2025-10-31,000004.SZ,10.871208750602317,0.771436717604782,0.11810132127902256,0.5760019223035613,0.1485201313274335
2025-10-31,000005.SZ,21.641139555384285,1.4036002826061558,0.08699652187885293,0.5975355453236698,0.07214718774607094
2025-10-31,000006.SZ,16.503522596995726,1.057259021785307,0.1431237739719883,0.5062153504127425,0.25804799802897377
2025-10-31,000007.SZ,13.997032399139853,1.9743341741833822,0.14757034216418083,0.45613608460309557,0.14267738757753087
2025-10-31,000008.SZ,11.000447662576388,1.474050873393319,0.13051127302125587,0.5617358124785291,0.06801382911252624
2025-10-31,000009.SZ,7.948231935720618,2.0111746405193704,0.17747390090385684,0.47625617100193685,0.20381127900535131
2025-10-31,000010.SZ,16.416223202052517,1.3880639343246843,0.13260012054743492,0.49843818835911946,0.4365700576022621
2025-10-31,000011.SZ,14.999308396051447,0.9650180967048096,0.1624978075704795,0.44113856363695975,0.18014862117622282
2025-10-31,000012.SZ,17.309490137471222,1.092479906887092,0.07447297477628007,0.6319499422201007,0.018226736780997593
2025-10-31,000013.SZ,21.334635367204708,1.8360603681985732,0.1430217964622436,0.468201647964488,0.42546100833345246
2025-10-31,000014.SZ,11.012021621799972,1.8404708791278372,0.16547110692000233,0.4818377393076254,-0.026551444475707328
2025-10-31,000015.SZ,12.55469233120477,2.3172427681076293,0.20566202279180534,0.7324353953728646,-0.08436691562933704
2025-11-30,600000.SH,21.959053398724034,1.6816471264394033,0.08532890159843308,0.4026380236508841,0.014429442398335712
2025-11-30,600001.SH,12.51154384979793,0.811148999002469,0.1548699224482918,0.5477487943475784,0.09321896713391271
2025-11-30,600002.SH,11.924690898037415,2.3919840036740063,0.12713355653253025,0.4598985640061744,-0.049526859065769924
2025-11-30,600003.SH,16.948761975171628,1.4073018500259533,0.14525452383805537,0.5494139083010445,0.1984765178039368
2025-11-30,600004.SH,14.666509093324867,2.022229272161465,0.1626029885213947,0.6420330410117636,0.30959817850839916
2025-11-30,600005.SH,8.316409818048212,2.5309285979769713,0.11904581072912487,0.5271453711010018,0.11593410827595177
2025-11-30,600006.SH,21.166040335077128,2.5213180802881556,0.17448277900019646,0.476212495085897,0.19016010951205145
2025-11-30,600007.SH,15.11766542134821,2.1622055842417076,0.17730552171885192,0.3359800964983075,0.16841648343810514
2025-11-30,600008.SH,19.326563495954485,2.2215596608432624,0.09029448988034787,0.44718297200269935,0.021464649136127403
2025-11-30,600009.SH,15.795257312470872,1.0782295321200361,0.130610386383954,0.5758049746343956,0.2487272934329476
2025-11-30,600010.SH,16.804987143808503,1.4384711846205904,0.08772768001287873,0.38430191002556263,0.27812356118503256
2025-11-30,600011.SH,14.177451672850314,1.8986691275241347,0.12427038858473825,0.5187810601874652,0.007983659042700514
2025-11-30,600012.SH,21.740810637844024,1.6222866302247214,0.10063965027655411,0.6909865284500021,0.19348864857958187
2025-11-30,600013.SH,17.428832500015023,1.065022076285836,0.17556400775255548,0.6108815777255958,0.18007050377192696
2025-11-30,600014.SH,19.559631373643253,2.385254444109796,0.18314306487295548,0.3967022065671983,-0.03516098547317227
2025-11-30,000001.SZ,21.747583377787898,1.6411922141879656,0.18217201191451435,0.38346751102578935,0.036252569240334445
2025-11-30,000002.SZ,18.77059930588605,2.949236028710751,0.12993022477329877,0.5241257408791336,0.1826621773112876
2025-11-30,000003.SZ,12.718506226799452,1.3981699619680068,0.08450506111057626,0.6151813362502013,0.13670755412930874
2025-11-30,000004.SZ,19.90827827031322,1.9053785408219237,0.13653727055600318,0.5675957414568485,0.22974020910153964
2025-11-30,000005.SZ,13.929781952414643,2.1912038859691703,0.12155667192936923,0.5891570063533457,0.06170086911102464
2025-11-30,000006.SZ,15.333476539557566,1.8700845287044112,0.15060536774301916,0.5088320835754514,0.20760529029076752
2025-11-30,000007.SZ,22.843434903784228,2.397959730299762,0.1542886670524161,0.4731115493593217,0.11777625605118294
2025-11-30,000008.SZ,16.81729430864234,1.1829739679874325,0.18591635100769432,0.4133526775597464,0.15398498155318263
2025-11-30,000009.SZ,17.400388261887112,1.7498659242699492,0.12185636888486293,0.3974116420510043,0.17627170607896941
2025-11-30,000010.SZ,8.184954294157215,2.504938464488245,0.13462065468076898,0.6608142561035562,0.1158524766737967
2025-11-30,000011.SZ,18.754022043254327,2.1044459068055574,0.08317919769877316,0.5096014985972477,0.2990476757071868
2025-11-30,000012.SZ,18.757602460459186,1.5485995943494832,0.1484987413538336,0.5838105160709581,0.2966237559211635
2025-11-30,000013.SZ,19.107485892208384,0.8040700965242368,0.1499553664908744,0.5616516445967183,0.30386596247044323
2025-11-30,000014.SZ,16.062495756350863,2.97597568572551,0.10430388300109379,0.5846679901824721,0.1278997108528479
2025-11-30,000015.SZ,16.61086827712939,2.771061971804596,0.13779296991038567,0.6906832193491569,0.1814896038597029
2025-12-31,600000.SH,17.251339505326825,1.7456028200320177,0.11490785250102292,0.47285416030444627,0.11411873899906538
2025-12-31,600001.SH,14.492201860945706,2.304669385678901,0.10986150602150767,0.5773260419745346,0.27102066484310683
2025-12-31,600002.SH,12.749604890623662,1.8299450192064326,0.1543040916742116,0.532070364518853,-0.015252453842444808
2025-12-31,600003.SH,18.459192335884627,1.2971138361966816,0.14501172852455432,0.4604764984274267,0.2194596474563421
2025-12-31,600004.SH,12.31583240394658,2.650213673373541,0.14462796347815213,0.5315013530439769,0.20122357402730479
2025-12-31,600005.SH,8.702504501008187,2.899116581290806,0.16464047394487616,0.4046991669781711,0.14006593868124634
2025-12-31,600006.SH,18.07029178647687,2.297913824119618,0.1476370634754529,0.45049729978633873,0.19504895085747487
2025-12-31,600007.SH,23.169887075803945,2.099571972843152,0.21975428383043633,0.5124828296778067,0.22327547355153132
2025-12-31,600008.SH,21.06910703317135,2.548380888886064,0.12942497121528432,0.4924341364427052,0.2828304013414099
2025-12-31,600009.SH,14.01941118695164,2.2798504844773917,0.13691745601267616,0.46029261146889694,0.11489022994960543
2025-12-31,600010.SH,14.813499861443125,1.7433077129685737,0.1290191360380921,0.5694147764996524,0.057286109464749435
2025-12-31,600011.SH,7.924972115140684,1.306754353722635,0.15860617293507911,0.547334169728432,0.2206007687137918
2025-12-31,600012.SH,21.647246024406506,2.3280196412812395,0.13704965222176863,0.4343874721826457,0.05378817733767169
2025-12-31,600013.SH,16.09131482861655,2.3941718267010916,0.16592276575458478,0.5418357589232806,0.09446245535202905
2025-12-31,600014.SH,26.31707304385739,1.387270556809674,0.1730153117277993,0.650241392213722,0.08423314703241837
2025-12-31,000001.SZ,11.77224353771588,2.004330219884867,0.1465111139219153,0.5893638466863931,0.12822343973633518
2025-12-31,000002.SZ,12.986361311182137,1.491808856068347,0.08120054098302709,0.4758325476262902,0.30927474273263217
2025-12-31,000003.SZ,13.931902745880981,2.1735297931320883,0.12965266999648492,0.6991233676318267,0.0958609603510304
2025-12-31,000004.SZ,24.261870539009024,1.6007104567693453,0.11240967654310824,0.5336311350713931,0.15154564670225695
2025-12-31,000005.SZ,19.24805378918685,0.5,0.14369649927921474,0.522100224486337,0.10760472318228954
2025-12-31,000006.SZ,10.816890217969561,2.0175980480649156,0.13708482332638022,0.4158695342289582,0.03613929550660766
2025-12-31,000007.SZ,15.392599112787002,1.6041856208949168,0.11912411468069255,0.4361470369395863,0.002592451112474345
2025-12-31,000008.SZ,14.164548959916038,1.5192447710407402,0.13376148660595624,0.4389317045458492,-0.07266515945581825
2025-12-31,000009.SZ,17.548511927542837,2.248930747638516,0.2154728646583735,0.49281219093782186,0.24971095651806244
2025-12-31,000010.SZ,19.62799151660351,1.7889222456246423,0.0942870289524434,0.5562415426315043,0.15024516705108154
2025-12-31,000011.SZ,18.451618555271683,1.999106796530388,0.1112869835951344,0.5581672572627313,0.14862174407029968
2025-12-31,000012.SZ,15.315887777273591,1.6913645525370131,0.12716998980964492,0.3710061340842973,0.0796902536302625
2025-12-31,000013.SZ,24.78394755071396,0.7747904860527391,0.14679441649166738,0.537401963781789,0.30127239797213556
2025-12-31,000014.SZ,15.467122680653878,3.1454333243501758,0.1559911462400623,0.6478283745345788,0.18399724136006604
2025-12-31,000015.SZ,19.16796097946539,2.0124187572142747,0.16994734599961556,0.5404658769808445,0.11597535911761048
